"Et√†","Sesso","2002","2003","2004","2005","2006","2007","2008","2009","2010","2011","2012","2013","2014","2015","2016","2017","2018","2019"
"0","Maschi","5340","6120","6137","6302","6268","6234","6524","6245","6023","6023","5731","6239","6120","5954","5999","5968","5825","5536"
"0","Femmine","5077","5728","5715","6201","5826","5806","5902","5815","5799","5499","5525","5780","5644","5616","5475","5584","5502","5368"
"0","Totale","10417","11848","11852","12503","12094","12040","12426","12060","11822","11522","11256","12019","11764","11570","11474","11552","11327","10904"
"1","Maschi","5273","5265","5918","6109","6176","6056","5989","6192","6165","5913","5892","5754","6257","6119","5986","5955","5963","5778"
"1","Femmine","4922","4999","5531","5678","5980","5615","5603","5674","5702","5700","5450","5583","5800","5670","5670","5493","5598","5535"
"1","Totale","10195","10264","11449","11787","12156","11671","11592","11866","11867","11613","11342","11337","12057","11789","11656","11448","11561","11313"
"2","Maschi","4995","5271","5230","5940","6085","6019","5885","5850","6063","6125","5895","5950","5884","6262","6101","5973","5982","5969"
"2","Femmine","4686","4882","4950","5535","5654","5810","5385","5481","5628","5621","5672","5463","5658","5799","5670","5717","5521","5527"
"2","Totale","9681","10153","10180","11475","11739","11829","11270","11331","11691","11746","11567","11413","11542","12061","11771","11690","11503","11496"
"3","Maschi","4899","4953","5194","5263","5894","6000","5836","5774","5824","6011","6105","5958","6078","5951","6274","6063","6015","5978"
"3","Femmine","4430","4666","4831","5016","5523","5528","5644","5266","5532","5571","5576","5722","5563","5690","5804","5676","5755","5530"
"3","Totale","9329","9619","10025","10279","11417","11528","11480","11040","11356","11582","11681","11680","11641","11641","12078","11739","11770","11508"
"4","Maschi","4695","4873","4911","5288","5294","5774","5908","5732","5790","5856","5976","6140","6071","6108","6006","6272","6094","6052"
"4","Femmine","4341","4396","4603","4937","5022","5400","5398","5463","5249","5515","5554","5632","5806","5636","5710","5772","5702","5751"
"4","Totale","9036","9269","9514","10225","10316","11174","11306","11195","11039","11371","11530","11772","11877","11744","11716","12044","11796","11803"
"5","Maschi","4657","4685","4879","4958","5315","5248","5672","5805","5720","5746","5888","6046","6269","6109","6172","6053","6290","6090"
"5","Femmine","4398","4302","4370","4649","4977","4999","5253","5334","5409","5219","5520","5583","5755","5904","5691","5707","5758","5680"
"5","Totale","9055","8987","9249","9607","10292","10247","10925","11139","11129","10965","11408","11629","12024","12013","11863","11760","12048","11770"
"6","Maschi","4503","4623","4661","4980","4997","5255","5207","5590","5798","5691","5784","5933","6144","6322","6153","6199","6150","6274"
"6","Femmine","4195","4383","4261","4445","4667","4943","4952","5159","5282","5380","5222","5572","5670","5828","5940","5725","5771","5718"
"6","Totale","8698","9006","8922","9425","9664","10198","10159","10749","11080","11071","11006","11505","11814","12150","12093","11924","11921","11992"
"7","Maschi","4521","4486","4594","4693","5014","4995","5225","5193","5565","5812","5716","5826","6080","6165","6361","6165","6237","6203"
"7","Femmine","4122","4185","4374","4333","4507","4634","4944","4926","5153","5268","5355","5277","5660","5749","5869","5990","5766","5796"
"7","Totale","8643","8671","8968","9026","9521","9629","10169","10119","10718","11080","11071","11103","11740","11914","12230","12155","12003","11999"
"8","Maschi","4458","4511","4467","4650","4744","5057","5015","5236","5261","5560","5845","5787","5948","6151","6235","6387","6234","6308"
"8","Femmine","4305","4139","4141","4417","4393","4517","4610","4938","4988","5143","5267","5408","5345","5738","5805","5923","6070","5810"
"8","Totale","8763","8650","8608","9067","9137","9574","9625","10174","10249","10703","11112","11195","11293","11889","12040","12310","12304","12118"
"9","Maschi","4575","4488","4506","4568","4745","4804","5054","5017","5322","5333","5601","5921","5932","5996","6222","6265","6419","6273"
"9","Femmine","4290","4298","4153","4218","4495","4439","4506","4589","5000","5044","5162","5300","5519","5446","5800","5843","6010","6142"
"9","Totale","8865","8786","8659","8786","9240","9243","9560","9606","10322","10377","10763","11221","11451","11442","12022","12108","12429","12415"
"10","Maschi","4396","4549","4507","4591","4672","4782","4805","5067","5083","5379","5398","5682","6058","5977","6027","6247","6308","6436"
"10","Femmine","4243","4316","4305","4229","4309","4525","4452","4539","4653","5052","5115","5205","5377","5591","5503","5848","5927","6055"
"10","Totale","8639","8865","8812","8820","8981","9307","9257","9606","9736","10431","10513","10887","11435","11568","11530","12095","12235","12491"
"11","Maschi","4440","4381","4555","4584","4693","4703","4799","4818","5152","5137","5465","5493","5801","6106","6042","6078","6316","6363"
"11","Femmine","4291","4227","4316","4327","4321","4315","4515","4448","4631","4699","5110","5175","5306","5441","5640","5565","5928","5964"
"11","Totale","8731","8608","8871","8911","9014","9018","9314","9266","9783","9836","10575","10668","11107","11547","11682","11643","12244","12327"
"12","Maschi","4397","4410","4340","4613","4678","4722","4720","4792","4920","5240","5226","5554","5588","5850","6159","6060","6120","6362"
"12","Femmine","4181","4294","4208","4356","4415","4370","4316","4533","4549","4693","4765","5161","5273","5372","5501","5683","5610","5971"
"12","Totale","8578","8704","8548","8969","9093","9092","9036","9325","9469","9933","9991","10715","10861","11222","11660","11743","11730","12333"
"13","Maschi","4347","4376","4348","4375","4714","4728","4740","4742","4920","5008","5342","5342","5716","5669","5910","6172","6149","6151"
"13","Femmine","4076","4166","4219","4250","4442","4430","4380","4336","4604","4624","4791","4808","5246","5341","5429","5543","5759","5652"
"13","Totale","8423","8542","8567","8625","9156","9158","9120","9078","9524","9632","10133","10150","10962","11010","11339","11715","11908","11803"
"14","Maschi","3977","4341","4340","4371","4450","4772","4773","4759","4843","5017","5101","5400","5490","5791","5744","5926","6219","6204"
"14","Femmine","3821","4087","4124","4255","4338","4487","4423","4412","4405","4688","4705","4858","4907","5374","5396","5462","5628","5843"
"14","Totale","7798","8428","8464","8626","8788","9259","9196","9171","9248","9705","9806","10258","10397","11165","11140","11388","11847","12047"
"15","Maschi","4171","3957","4308","4394","4470","4509","4788","4798","4868","4916","5117","5181","5542","5640","5879","5793","5976","6279"
"15","Femmine","3965","3821","4046","4194","4331","4362","4486","4467","4492","4473","4770","4763","4940","5022","5435","5438","5540","5699"
"15","Totale","8136","7778","8354","8588","8801","8871","9274","9265","9360","9389","9887","9944","10482","10662","11314","11231","11516","11978"
"16","Maschi","4235","4141","3915","4368","4463","4489","4499","4793","4920","4969","4992","5228","5340","5624","5747","5923","5862","6053"
"16","Femmine","4041","3954","3788","4100","4257","4358","4365","4486","4547","4567","4519","4792","4895","5042","5089","5476","5518","5597"
"16","Totale","8276","8095","7703","8468","8720","8847","8864","9279","9467","9536","9511","10020","10235","10666","10836","11399","11380","11650"
"17","Maschi","4328","4203","4065","3990","4498","4514","4480","4490","4907","5018","5097","5144","5403","5426","5726","5808","6036","5956"
"17","Femmine","4068","4001","3915","3836","4222","4292","4362","4386","4590","4604","4664","4592","4893","4963","5106","5119","5588","5569"
"17","Totale","8396","8204","7980","7826","8720","8806","8842","8876","9497","9622","9761","9736","10296","10389","10832","10927","11624","11525"
"18","Maschi","4554","4316","4134","4143","4162","4649","4533","4519","4751","5063","5183","5268","5326","5513","5510","5871","6171","6192"
"18","Femmine","4258","4078","3927","3977","3987","4322","4290","4363","4502","4681","4710","4758","4697","4972","5051","5170","5242","5699"
"18","Totale","8812","8394","8061","8120","8149","8971","8823","8882","9253","9744","9893","10026","10023","10485","10561","11041","11413","11891"
"19","Maschi","4952","4560","4275","4206","4351","4238","4739","4651","4850","5078","5343","5383","5534","5536","5708","5829","6543","6428"
"19","Femmine","4758","4342","4070","3987","4135","4109","4364","4308","4487","4646","4850","4831","4987","4890","5161","5162","5379","5429"
"19","Totale","9710","8902","8345","8193","8486","8347","9103","8959","9337","9724","10193","10214","10521","10426","10869","10991","11922","11857"
"20","Maschi","5147","4917","4512","4430","4360","4432","4344","4841","4983","5159","5350","5577","5741","5739","5756","5970","6328","6815"
"20","Femmine","4980","4792","4377","4164","4123","4242","4181","4459","4528","4694","4879","5042","5117","5163","5067","5325","5415","5640"
"20","Totale","10127","9709","8889","8594","8483","8674","8525","9300","9511","9853","10229","10619","10858","10902","10823","11295","11743","12455"
"21","Maschi","5491","5113","4851","4687","4514","4409","4544","4418","5022","5238","5391","5598","5904","5919","5892","5975","6368","6574"
"21","Femmine","5048","4969","4798","4521","4344","4249","4341","4300","4668","4772","4918","5099","5352","5379","5290","5208","5599","5614"
"21","Totale","10539","10082","9649","9208","8858","8658","8885","8718","9690","10010","10309","10697","11256","11298","11182","11183","11967","12188"
"22","Maschi","5852","5495","5063","5174","4839","4553","4461","4605","4577","5314","5545","5659","5958","6091","6088","6050","6352","6576"
"22","Femmine","5569","5097","4965","5156","4663","4474","4381","4421","4532","4943","5078","5151","5431","5578","5528","5443","5458","5847"
"22","Totale","11421","10592","10028","10330","9502","9027","8842","9026","9109","10257","10623","10810","11389","11669","11616","11493","11810","12423"
"23","Maschi","6375","5839","5490","5497","5337","4830","4610","4552","4822","4901","5676","5861","6113","6199","6253","6223","6351","6659"
"23","Femmine","6015","5676","5175","5336","5336","4798","4541","4498","4633","4858","5284","5381","5520","5713","5788","5682","5732","5755"
"23","Totale","12390","11515","10665","10833","10673","9628","9151","9050","9455","9759","10960","11242","11633","11912","12041","11905","12083","12414"
"24","Maschi","6847","6355","5900","6059","5653","5318","4869","4647","4843","5170","5312","6043","6399","6384","6430","6466","6541","6701"
"24","Femmine","6701","6105","5671","5647","5542","5417","4851","4661","4788","4990","5239","5551","5828","5858","5962","6053","6018","6134"
"24","Totale","13548","12460","11571","11706","11195","10735","9720","9308","9631","10160","10551","11594","12227","12242","12392","12519","12559","12835"
"25","Maschi","7594","6884","6409","6601","6309","5704","5383","4979","4972","5307","5690","5746","6646","6766","6705","6720","6918","7019"
"25","Femmine","7374","6838","6142","6221","5850","5599","5482","5062","5056","5254","5472","5596","6040","6228","6207","6323","6557","6441"
"25","Totale","14968","13722","12551","12822","12159","11303","10865","10041","10028","10561","11162","11342","12686","12994","12912","13043","13475","13460"
"26","Maschi","8559","7586","6968","7376","6816","6315","5745","5459","5404","5499","5890","6108","6410","7094","7148","7088","7124","7441"
"26","Femmine","8467","7559","6898","6681","6546","5944","5648","5625","5603","5610","5760","5886","6202","6506","6656","6673","6847","7057"
"26","Totale","17026","15145","13866","14057","13362","12259","11393","11084","11007","11109","11650","11994","12612","13600","13804","13761","13971","14498"
"27","Maschi","9585","8532","7636","7976","7595","6741","6292","5849","5875","6009","6200","6405","6873","6927","7555","7592","7638","7722"
"27","Femmine","9309","8617","7651","7594","6967","6562","6018","5871","6078","6135","6156","6188","6455","6701","6994","7244","7297","7466"
"27","Totale","18894","17149","15287","15570","14562","13303","12310","11720","11953","12144","12356","12593","13328","13628","14549","14836","14935","15188"
"28","Maschi","10182","9542","8602","8448","8090","7498","6718","6270","6197","6514","6747","6818","7165","7478","7398","8049","8110","8273"
"28","Femmine","9768","9398","8708","8182","7882","7008","6593","6106","6339","6661","6803","6567","6791","6987","7163","7487","7922","7960"
"28","Totale","19950","18940","17310","16630","15972","14506","13311","12376","12536","13175","13550","13385","13956","14465","14561","15536","16032","16233"
"29","Maschi","10373","10205","9559","9452","8618","7890","7474","6668","6543","6690","7211","7309","7667","7704","7963","7843","8572","8681"
"29","Femmine","10315","9904","9507","9262","8377","7822","7063","6677","6518","6958","7260","7221","7132","7316","7414","7641","8143","8504"
"29","Totale","20688","20109","19066","18714","16995","15712","14537","13345","13061","13648","14471","14530","14799","15020","15377","15484","16715","17185"
"30","Maschi","10840","10346","10230","10333","9541","8484","7733","7262","6934","7057","7374","7745","8038","8226","8187","8403","8416","9119"
"30","Femmine","10629","10464","10033","10175","9437","8334","7852","7084","7047","7056","7557","7669","7767","7693","7663","7879","8176","8635"
"30","Totale","21469","20810","20263","20508","18978","16818","15585","14346","13981","14113","14931","15414","15805","15919","15850","16282","16592","17754"
"31","Maschi","10727","10814","10272","10937","10425","9430","8357","7647","7497","7385","7610","7956","8470","8505","8649","8632","8922","8935"
"31","Femmine","10469","10688","10439","10486","10343","9350","8306","7859","7417","7523","7526","7878","8190","8201","8124","8142","8367","8604"
"31","Totale","21196","21502","20711","21423","20768","18780","16663","15506","14914","14908","15136","15834","16660","16706","16773","16774","17289","17539"
"32","Maschi","11082","10635","10771","10819","10993","10303","9296","8170","7868","7832","7866","8073","8679","8942","8910","8960","9071","9298"
"32","Femmine","10754","10560","10804","10959","10646","10240","9295","8319","8124","7831","7994","7811","8388","8639","8485","8435","8648","8748"
"32","Totale","21836","21195","21575","21778","21639","20543","18591","16489","15992","15663","15860","15884","17067","17581","17395","17395","17719","18046"
"33","Maschi","10858","10996","10511","11304","10940","10703","10101","9182","8309","8099","8283","8270","8677","9097","9264","9192","9381","9445"
"33","Femmine","10515","10828","10505","11238","11134","10530","10158","9273","8566","8454","8201","8269","8196","8714","8922","8851","8806","8930"
"33","Totale","21373","21824","21016","22542","22074","21233","20259","18455","16875","16553","16484","16539","16873","17811","18186","18043","18187","18375"
"34","Maschi","10763","10732","10837","10960","11421","10681","10581","9989","9252","8566","8545","8642","8774","9213","9435","9526","9488","9678"
"34","Femmine","10316","10499","10747","10880","11375","10983","10453","10061","9423","8905","8806","8400","8615","8546","8963","9256","9191","9130"
"34","Totale","21079","21231","21584","21840","22796","21664","21034","20050","18675","17471","17351","17042","17389","17759","18398","18782","18679","18808"
"35","Maschi","11060","10686","10584","11290","10984","11099","10468","10437","9990","9379","8874","8877","9132","9226","9497","9703","9773","9731"
"35","Femmine","10733","10330","10492","11104","10920","11260","10836","10451","10252","9679","9202","9020","8741","8905","8730","9207","9534","9386"
"35","Totale","21793","21016","21076","22394","21904","22359","21304","20888","20242","19058","18076","17897","17873","18131","18227","18910","19307","19117"
"36","Maschi","10940","10967","10586","10957","11326","10803","10931","10247","10439","10080","9591","9109","9284","9468","9474","9640","9919","10004"
"36","Femmine","10846","10697","10340","10780","11150","10784","11116","10749","10582","10437","9943","9355","9370","9036","9107","8914","9422","9714"
"36","Totale","21786","21664","20926","21737","22476","21587","22047","20996","21021","20517","19534","18464","18654","18504","18581","18554","19341","19718"
"37","Maschi","10763","10825","10834","10906","10993","11091","10647","10734","10224","10527","10313","9797","9599","9662","9682","9632","9843","10110"
"37","Femmine","10587","10807","10716","10729","10907","10972","10726","10979","10831","10707","10646","10096","9635","9534","9204","9250","9062","9590"
"37","Totale","21350","21632","21550","21635","21900","22063","21373","21713","21055","21234","20959","19893","19234","19196","18886","18882","18905","19700"
"38","Maschi","9998","10663","10766","11142","10849","10847","10872","10382","10761","10333","10730","10521","10139","9960","9859","9830","9733","9957"
"38","Femmine","10103","10512","10767","11030","10751","10800","10863","10667","11057","11032","11003","10766","10339","9803","9694","9307","9385","9207"
"38","Totale","20101","21175","21533","22172","21600","21647","21735","21049","21818","21365","21733","21287","20478","19763","19553","19137","19118","19164"
"39","Maschi","9392","9839","10602","11061","11121","10700","10641","10735","10367","10819","10449","10859","10867","10296","10100","10004","9956","9845"
"39","Femmine","9711","10073","10538","10969","10999","10668","10737","10760","10763","11159","11180","11072","11028","10470","9914","9792","9463","9484"
"39","Totale","19103","19912","21140","22030","22120","21368","21378","21495","21130","21978","21629","21931","21895","20766","20014","19796","19419","19329"
"40","Maschi","9343","9290","9791","10859","10996","10930","10545","10486","10738","10468","10961","10611","11146","11010","10477","10211","10095","10042"
"40","Femmine","9383","9655","10064","10802","10973","10942","10623","10675","10863","10923","11322","11286","11231","11132","10557","10001","9886","9567"
"40","Totale","18726","18945","19855","21661","21969","21872","21168","21161","21601","21391","22283","21897","22377","22142","21034","20212","19981","19609"
"41","Maschi","8887","9251","9223","9986","10841","10847","10831","10372","10515","10760","10637","11122","10915","11267","11108","10604","10328","10211"
"41","Femmine","9004","9353","9645","10357","10844","10895","10864","10625","10785","11016","11081","11393","11494","11331","11235","10584","10101","10006"
"41","Totale","17891","18604","18868","20343","21685","21742","21695","20997","21300","21776","21718","22515","22409","22598","22343","21188","20429","20217"
"42","Maschi","8467","8756","9177","9426","9956","10696","10662","10737","10352","10615","10909","10742","11382","11020","11384","11199","10714","10421"
"42","Femmine","8807","8951","9348","9858","10431","10815","10848","10831","10711","10900","11170","11161","11598","11588","11416","11296","10679","10190"
"42","Totale","17274","17707","18525","19284","20387","21511","21510","21568","21063","21515","22079","21903","22980","22608","22800","22495","21393","20611"
"43","Maschi","8318","8383","8730","9283","9426","9820","10596","10568","10724","10407","10716","11005","10997","11444","11139","11473","11291","10831"
"43","Femmine","8417","8814","8955","9619","9956","10410","10790","10827","10931","10826","11107","11267","11345","11684","11634","11451","11363","10775"
"43","Totale","16735","17197","17685","18902","19382","20230","21386","21395","21655","21233","21823","22272","22342","23128","22773","22924","22654","21606"
"44","Maschi","7968","8231","8321","8838","9263","9342","9734","10504","10567","10796","10525","10776","11204","11086","11529","11245","11538","11397"
"44","Femmine","8344","8386","8813","9165","9640","9916","10360","10725","10929","11158","11015","11144","11456","11418","11757","11697","11541","11389"
"44","Totale","16312","16617","17134","18003","18903","19258","20094","21229","21496","21954","21540","21920","22660","22504","23286","22942","23079","22786"
"45","Maschi","7900","7871","8126","8434","8781","9154","9303","9624","10501","10626","10892","10609","10974","11292","11140","11588","11317","11661"
"45","Femmine","8176","8311","8374","9035","9228","9586","9882","10325","10802","11044","11323","11094","11368","11544","11474","11795","11733","11582"
"45","Totale","16076","16182","16500","17469","18009","18740","19185","19949","21303","21670","22215","21703","22342","22836","22614","23383","23050","23243"
"46","Maschi","7374","7841","7855","8277","8398","8704","9080","9191","9611","10519","10750","10983","10810","11083","11381","11196","11689","11356"
"46","Femmine","8137","8145","8320","8576","9098","9173","9517","9832","10361","10943","11185","11380","11268","11426","11618","11525","11807","11782"
"46","Totale","15511","15986","16175","16853","17496","17877","18597","19023","19972","21462","21935","22363","22078","22509","22999","22721","23496","23138"
"47","Maschi","7456","7306","7783","7934","8254","8323","8666","8975","9186","9617","10570","10840","11188","10853","11166","11492","11250","11771"
"47","Femmine","7969","8108","8127","8499","8574","9055","9126","9473","9889","10467","11097","11233","11507","11316","11469","11692","11584","11843"
"47","Totale","15425","15414","15910","16433","16828","17378","17792","18448","19075","20084","21667","22073","22695","22169","22635","23184","22834","23614"
"48","Maschi","7138","7384","7265","7860","7915","8209","8269","8613","8977","9255","9723","10629","11028","11199","10930","11233","11554","11283"
"48","Femmine","7810","7913","8082","8299","8547","8547","9004","9118","9524","10023","10624","11117","11395","11610","11352","11456","11784","11639"
"48","Totale","14948","15297","15347","16159","16462","16756","17273","17731","18501","19278","20347","21746","22423","22809","22282","22689","23338","22922"
"49","Maschi","7078","7093","7318","7297","7845","7868","8145","8208","8558","8984","9302","9831","10755","11055","11226","10992","11298","11614"
"49","Femmine","7945","7757","7906","8157","8332","8501","8524","8964","9165","9636","10135","10698","11284","11420","11665","11364","11508","11803"
"49","Totale","15023","14850","15224","15454","16177","16369","16669","17172","17723","18620","19437","20529","22039","22475","22891","22356","22806","23417"
"50","Maschi","7024","6984","7031","7358","7340","7783","7832","8070","8167","8543","9016","9318","9975","10767","11116","11268","11041","11362"
"50","Femmine","8158","7887","7750","7999","8203","8279","8443","8459","8973","9255","9726","10172","10849","11311","11466","11701","11407","11547"
"50","Totale","15182","14871","14781","15357","15543","16062","16275","16529","17140","17798","18742","19490","20824","22078","22582","22969","22448","22909"
"51","Maschi","7324","6970","6954","7068","7347","7309","7694","7719","8053","8170","8580","9042","9442","10016","10822","11163","11323","11048"
"51","Femmine","8586","8086","7861","7819","7976","8160","8277","8420","8500","9052","9375","9787","10301","10879","11340","11496","11702","11466"
"51","Totale","15910","15056","14815","14887","15323","15469","15971","16139","16553","17222","17955","18829","19743","20895","22162","22659","23025","22514"
"52","Maschi","7516","7246","6946","6972","7044","7268","7248","7677","7706","8068","8217","8593","9126","9445","10084","10875","11194","11349"
"52","Femmine","8851","8532","8048","7907","7814","7983","8102","8287","8483","8506","9149","9408","9901","10317","10844","11333","11505","11747"
"52","Totale","16367","15778","14994","14879","14858","15251","15350","15964","16189","16574","17366","18001","19027","19762","20928","22208","22699","23096"
"53","Maschi","8207","7448","7193","6928","7003","6972","7227","7176","7669","7725","8067","8252","8669","9125","9463","10119","10916","11208"
"53","Femmine","9571","8790","8466","8073","7922","7797","7953","8039","8299","8544","8616","9221","9522","9879","10324","10829","11347","11510"
"53","Totale","17778","16238","15659","15001","14925","14769","15180","15215","15968","16269","16683","17473","18191","19004","19787","20948","22263","22718"
"54","Maschi","8365","8075","7388","7171","6872","6916","6935","7156","7143","7629","7767","8085","8361","8657","9142","9472","10153","10967"
"54","Femmine","10053","9498","8724","8458","8054","7895","7739","7887","8019","8332","8642","8651","9308","9526","9884","10278","10833","11379"
"54","Totale","18418","17573","16112","15629","14926","14811","14674","15043","15162","15961","16409","16736","17669","18183","19026","19750","20986","22346"
"55","Maschi","9258","8280","7992","7332","7089","6792","6857","6866","7121","7087","7622","7722","8149","8316","8642","9166","9491","10162"
"55","Femmine","10713","9962","9458","8701","8411","7958","7833","7710","7916","8074","8399","8679","8749","9306","9543","9882","10264","10856"
"55","Totale","19971","18242","17450","16033","15500","14750","14690","14576","15037","15161","16021","16401","16898","17622","18185","19048","19755","21018"
"56","Maschi","7081","9118","8183","7924","7262","6995","6734","6756","6837","7102","7076","7616","7759","8131","8298","8645","9189","9517"
"56","Femmine","8273","10609","9932","9407","8678","8333","7883","7750","7726","7910","8130","8407","8738","8728","9280","9500","9899","10261"
"56","Totale","15354","19727","18115","17331","15940","15328","14617","14506","14563","15012","15206","16023","16497","16859","17578","18145","19088","19778"
"57","Maschi","7668","6965","9009","8112","7820","7163","6925","6656","6691","6794","7080","7038","7637","7733","8101","8298","8658","9209"
"57","Femmine","9078","8170","10539","9874","9346","8597","8267","7815","7729","7716","7920","8138","8427","8718","8739","9268","9478","9882"
"57","Totale","16746","15135","19548","17986","17166","15760","15192","14471","14420","14510","15000","15176","16064","16451","16840","17566","18136","19091"
"58","Maschi","7640","7498","6862","8862","8004","7678","7052","6794","6575","6632","6747","7048","7077","7548","7720","8064","8273","8623"
"58","Femmine","9229","8949","8049","10469","9795","9240","8479","8175","7774","7678","7730","7925","8153","8403","8701","8664","9197","9453"
"58","Totale","16869","16447","14911","19331","17799","16918","15531","14969","14349","14310","14477","14973","15230","15951","16421","16728","17470","18076"
"59","Maschi","7779","7495","7410","6762","8734","7888","7585","6930","6697","6496","6589","6702","7070","7022","7508","7682","8048","8283"
"59","Femmine","9424","9106","8846","7986","10365","9694","9131","8401","8098","7727","7670","7703","7964","8144","8371","8668","8637","9182"
"59","Totale","17203","16601","16256","14748","19099","17582","16716","15331","14795","14223","14259","14405","15034","15166","15879","16350","16685","17465"
"60","Maschi","8125","7622","7415","7295","6655","8598","7784","7474","6833","6634","6449","6516","6687","7005","6992","7450","7667","8008"
"60","Femmine","9849","9292","9013","8732","7909","10245","9585","8987","8331","8045","7718","7669","7675","7910","8111","8302","8655","8588"
"60","Totale","17974","16914","16428","16027","14564","18843","17369","16461","15164","14679","14167","14185","14362","14915","15103","15752","16322","16596"
"61","Maschi","8975","7986","7526","7298","7229","6554","8450","7663","7386","6763","6543","6373","6471","6596","6968","6931","7413","7618"
"61","Femmine","10658","9715","9179","8908","8690","7788","10145","9472","8935","8259","8009","7679","7680","7633","7859","8052","8274","8623"
"61","Totale","19633","17701","16705","16206","15919","14342","18595","17135","16321","15022","14552","14052","14151","14229","14827","14983","15687","16241"
"62","Maschi","8824","8822","7870","7424","7189","7095","6449","8309","7533","7291","6687","6480","6363","6409","6513","6870","6892","7381"
"62","Femmine","10503","10513","9572","9049","8810","8550","7711","10009","9390","8876","8205","7950","7640","7623","7592","7786","8008","8221"
"62","Totale","19327","19335","17442","16473","15999","15645","14160","18318","16923","16167","14892","14430","14003","14032","14105","14656","14900","15602"
"63","Maschi","8639","8644","8678","7700","7281","7036","6974","6334","8178","7446","7214","6613","6431","6264","6358","6446","6832","6874"
"63","Femmine","10326","10364","10377","9482","8930","8704","8416","7607","9909","9315","8824","8172","7915","7559","7570","7510","7751","7976"
"63","Totale","18965","19008","19055","17182","16211","15740","15390","13941","18087","16761","16038","14785","14346","13823","13928","13956","14583","14850"
"64","Maschi","7866","8474","8503","8486","7547","7123","6911","6819","6219","8084","7344","7141","6557","6340","6184","6291","6360","6807"
"64","Femmine","9758","10166","10241","10254","9364","8817","8594","8314","7544","9803","9265","8785","8167","7846","7530","7479","7486","7709"
"64","Totale","17624","18640","18744","18740","16911","15940","15505","15133","13763","17887","16609","15926","14724","14186","13714","13770","13846","14516"
"65","Maschi","7412","7683","8325","8344","8340","7409","6955","6768","6701","6103","7946","7264","7081","6437","6247","6084","6232","6290"
"65","Femmine","9274","9628","10069","10118","10123","9280","8689","8492","8227","7473","9739","9214","8743","8072","7785","7438","7443","7437"
"65","Totale","16686","17311","18394","18462","18463","16689","15644","15260","14928","13576","17685","16478","15824","14509","14032","13522","13675","13727"
"66","Maschi","7485","7211","7589","8155","8186","8162","7219","6836","6650","6578","5995","7806","7176","7011","6336","6158","5996","6187"
"66","Femmine","9616","9127","9497","9972","10016","9982","9142","8556","8394","8143","7423","9649","9126","8670","8005","7714","7390","7401"
"66","Totale","17101","16338","17086","18127","18202","18144","16361","15392","15044","14721","13418","17455","16302","15681","14341","13872","13386","13588"
"67","Maschi","7359","7296","7043","7389","7987","8002","8010","7058","6681","6548","6487","5871","7736","7043","6907","6226","6069","5925"
"67","Femmine","9358","9479","9000","9399","9847","9872","9858","8986","8445","8291","8066","7341","9623","9066","8602","7958","7660","7345"
"67","Totale","16717","16775","16043","16788","17834","17874","17868","16044","15126","14839","14553","13212","17359","16109","15509","14184","13729","13270"
"68","Maschi","6999","7162","7143","6848","7248","7804","7865","7836","6899","6505","6449","6369","5776","7599","6929","6778","6133","5969"
"68","Femmine","9050","9223","9329","8866","9273","9714","9747","9713","8888","8378","8230","7984","7289","9560","8993","8530","7894","7617"
"68","Totale","16049","16385","16472","15714","16521","17518","17612","17549","15787","14883","14679","14353","13065","17159","15922","15308","14027","13586"
"69","Maschi","6849","6814","6979","6960","6672","7054","7652","7648","7672","6742","6389","6322","6259","5695","7473","6802","6674","6068"
"69","Femmine","9133","8920","9077","9197","8730","9164","9595","9643","9591","8791","8319","8142","7913","7203","9459","8908","8458","7855"
"69","Totale","15982","15734","16056","16157","15402","16218","17247","17291","17263","15533","14708","14464","14172","12898","16932","15710","15132","13923"
"70","Maschi","6868","6624","6631","6777","6793","6504","6898","7434","7471","7507","6628","6259","6190","6142","5574","7341","6711","6572"
"70","Femmine","9137","8970","8785","8955","9070","8583","9050","9481","9530","9484","8706","8219","8067","7831","7116","9365","8804","8363"
"70","Totale","16005","15594","15416","15732","15863","15087","15948","16915","17001","16991","15334","14478","14257","13973","12690","16706","15515","14935"
"71","Maschi","6785","6619","6436","6455","6584","6577","6349","6719","7291","7305","7361","6479","6134","6065","5996","5466","7222","6602"
"71","Femmine","9508","8954","8795","8615","8820","8941","8481","8932","9398","9412","9382","8605","8181","7975","7757","7019","9282","8735"
"71","Totale","16293","15573","15231","15070","15404","15518","14830","15651","16689","16717","16743","15084","14315","14040","13753","12485","16504","15337"
"72","Maschi","6205","6522","6392","6267","6287","6391","6425","6149","6551","7154","7140","7194","6336","6011","5938","5836","5370","7085"
"72","Femmine","8660","9326","8759","8603","8481","8655","8805","8318","8805","9289","9303","9269","8490","8087","7868","7652","6934","9194"
"72","Totale","14865","15848","15151","14870","14768","15046","15230","14467","15356","16443","16443","16463","14826","14098","13806","13488","12304","16279"
"73","Maschi","5840","5948","6272","6180","6053","6070","6240","6229","5969","6400","6974","6966","7019","6203","5857","5802","5687","5282"
"73","Femmine","8191","8441","9116","8567","8453","8326","8489","8670","8190","8697","9196","9188","9178","8388","7995","7765","7578","6863"
"73","Totale","14031","14389","15388","14747","14506","14396","14729","14899","14159","15097","16170","16154","16197","14591","13852","13567","13265","12145"
"74","Maschi","5562","5568","5715","6022","5926","5876","5905","6040","6022","5805","6243","6784","6815","6849","6061","5682","5642","5569"
"74","Femmine","8057","8012","8253","8922","8376","8287","8183","8309","8542","8053","8573","9070","9097","9052","8249","7889","7676","7503"
"74","Totale","13619","13580","13968","14944","14302","14163","14088","14349","14564","13858","14816","15854","15912","15901","14310","13571","13318","13072"
"75","Maschi","4912","5301","5304","5454","5767","5702","5677","5725","5859","5827","5648","6046","6628","6628","6696","5889","5529","5496"
"75","Femmine","7691","7869","7779","8090","8715","8184","8104","8013","8156","8385","7931","8409","8941","8962","8933","8102","7781","7572"
"75","Totale","12603","13170","13083","13544","14482","13886","13781","13738","14015","14212","13579","14455","15569","15590","15629","13991","13310","13068"
"76","Maschi","4597","4649","5018","5083","5215","5536","5514","5456","5517","5657","5646","5481","5889","6475","6406","6507","5698","5374"
"76","Femmine","7707","7462","7625","7594","7887","8492","8010","7932","7842","8003","8216","7780","8295","8816","8814","8776","7999","7666"
"76","Totale","12304","12111","12643","12677","13102","14028","13524","13388","13359","13660","13862","13261","14184","15291","15220","15283","13697","13040"
"77","Maschi","4442","4350","4390","4792","4809","4995","5305","5257","5254","5291","5450","5442","5307","5701","6276","6168","6295","5523"
"77","Femmine","7411","7418","7233","7416","7406","7654","8278","7752","7716","7629","7822","8048","7661","8160","8673","8637","8621","7837"
"77","Totale","11853","11768","11623","12208","12215","12649","13583","13009","12970","12920","13272","13490","12968","13861","14949","14805","14916","13360"
"78","Maschi","4265","4170","4088","4133","4546","4571","4783","5051","5032","5017","5081","5194","5213","5106","5451","6037","5938","6098"
"78","Femmine","7442","7159","7162","6986","7188","7183","7461","8036","7526","7542","7457","7646","7886","7521","7999","8498","8466","8428"
"78","Totale","11707","11329","11250","11119","11734","11754","12244","13087","12558","12559","12538","12840","13099","12627","13450","14535","14404","14526"
"79","Maschi","3884","3988","3900","3832","3900","4313","4338","4564","4835","4815","4820","4823","4974","5000","4878","5233","5802","5732"
"79","Femmine","6986","7128","6882","6877","6759","6919","6963","7185","7820","7275","7335","7254","7451","7675","7334","7802","8281","8273"
"79","Totale","10870","11116","10782","10709","10659","11232","11301","11749","12655","12090","12155","12077","12425","12675","12212","13035","14083","14005"
"80","Maschi","3686","3625","3743","3613","3580","3667","4024","4069","4341","4568","4607","4544","4574","4762","4786","4669","5018","5508"
"80","Femmine","6908","6670","6818","6620","6599","6481","6636","6688","6948","7528","7069","7066","7095","7240","7446","7098","7603","8069"
"80","Totale","10594","10295","10561","10233","10179","10148","10660","10757","11289","12096","11676","11610","11669","12002","12232","11767","12621","13577"
"81","Maschi","3323","3394","3346","3469","3353","3327","3442","3763","3817","4049","4305","4326","4309","4344","4495","4533","4450","4781"
"81","Femmine","6382","6559","6323","6466","6334","6269","6222","6312","6427","6645","7248","6793","6849","6877","6997","7191","6854","7361"
"81","Totale","9705","9953","9669","9935","9687","9596","9664","10075","10244","10694","11553","11119","11158","11221","11492","11724","11304","12142"
"82","Maschi","1871","3031","3080","3069","3203","3130","3094","3181","3489","3560","3822","3988","4045","4084","4044","4235","4285","4226"
"82","Femmine","3911","6003","6196","5975","6113","6019","5941","5897","5978","6192","6391","6945","6552","6601","6581","6736","6955","6610"
"82","Totale","5782","9034","9276","9044","9316","9149","9035","9078","9467","9752","10213","10933","10597","10685","10625","10971","11240","10836"
"83","Maschi","1347","1678","2735","2817","2777","2946","2874","2840","2927","3206","3310","3551","3719","3793","3806","3795","3962","4021"
"83","Femmine","3015","3654","5590","5799","5660","5756","5677","5601","5592","5648","5864","6077","6660","6272","6302","6313","6481","6694"
"83","Totale","4362","5332","8325","8616","8437","8702","8551","8441","8519","8854","9174","9628","10379","10065","10108","10108","10443","10715"
"84","Maschi","1298","1210","1494","2447","2542","2516","2704","2600","2574","2667","2945","3027","3262","3442","3468","3537","3562","3730"
"84","Femmine","2961","2792","3356","5221","5432","5284","5401","5284","5292","5273","5337","5519","5738","6326","5956","6005","6047","6226"
"84","Totale","4259","4002","4850","7668","7974","7800","8105","7884","7866","7940","8282","8546","9000","9768","9424","9542","9609","9956"
"85","Maschi","1406","1151","1076","1349","2224","2288","2242","2402","2349","2296","2451","2639","2761","3028","3162","3174","3230","3256"
"85","Femmine","3285","2713","2564","3099","4826","5028","4920","5022","4932","4961","4946","4954","5188","5434","5960","5634","5681","5732"
"85","Totale","4691","3864","3640","4448","7050","7316","7162","7424","7281","7257","7397","7593","7949","8462","9122","8808","8911","8988"
"86","Maschi","1576","1228","995","942","1208","1998","2017","1978","2143","2102","2081","2195","2368","2506","2715","2876","2884","2960"
"86","Femmine","3905","2994","2440","2350","2846","4367","4630","4555","4609","4582","4611","4606","4611","4851","5095","5577","5286","5322"
"86","Totale","5481","4222","3435","3292","4054","6365","6647","6533","6752","6684","6692","6801","6979","7357","7810","8453","8170","8282"
"87","Maschi","1413","1365","1078","857","804","1041","1738","1758","1715","1902","1882","1839","1927","2126","2211","2437","2567","2601"
"87","Femmine","3645","3530","2693","2214","2123","2560","3968","4175","4146","4189","4183","4258","4269","4284","4481","4740","5173","4902"
"87","Totale","5058","4895","3771","3071","2927","3601","5706","5933","5861","6091","6065","6097","6196","6410","6692","7177","7740","7503"
"88","Maschi","1174","1193","1144","939","746","690","871","1470","1521","1475","1692","1645","1594","1706","1849","1950","2129","2281"
"88","Femmine","3305","3217","3129","2410","1995","1890","2296","3511","3756","3751","3801","3790","3888","3922","3885","4112","4332","4746"
"88","Totale","4479","4410","4273","3349","2741","2580","3167","4981","5277","5226","5493","5435","5482","5628","5734","6062","6461","7027"
"89","Maschi","952","943","977","942","795","638","578","724","1250","1308","1279","1440","1398","1389","1478","1595","1702","1851"
"89","Femmine","2819","2903","2806","2747","2112","1765","1690","2030","3109","3345","3328","3362","3414","3557","3521","3537","3694","3945"
"89","Totale","3771","3846","3783","3689","2907","2403","2268","2754","4359","4653","4607","4802","4812","4946","4999","5132","5396","5796"
"90","Maschi","837","756","760","809","776","655","524","485","589","1032","1096","1056","1206","1187","1167","1248","1329","1436"
"90","Femmine","2371","2451","2494","2453","2370","1847","1540","1459","1789","2694","2943","2951","2977","3067","3119","3133","3135","3296"
"90","Totale","3208","3207","3254","3262","3146","2502","2064","1944","2378","3726","4039","4007","4183","4254","4286","4381","4464","4732"
"91","Maschi","615","658","589","632","642","618","532","410","399","469","872","871","852","1005","977","941","1041","1114"
"91","Femmine","1952","1967","2062","2095","2072","2042","1592","1298","1245","1545","2340","2535","2567","2605","2671","2731","2755","2774"
"91","Totale","2567","2625","2651","2727","2714","2660","2124","1708","1644","2014","3212","3406","3419","3610","3648","3672","3796","3888"
"92","Maschi","380","486","516","452","480","505","487","421","334","324","369","685","695","692","797","770","781","858"
"92","Femmine","1414","1573","1614","1744","1756","1747","1730","1330","1083","1056","1344","1912","2164","2205","2236","2308","2333","2415"
"92","Totale","1794","2059","2130","2196","2236","2252","2217","1751","1417","1380","1713","2597","2859","2897","3033","3078","3114","3273"
"93","Maschi","286","296","362","393","374","357","398","378","346","264","256","280","537","562","538","631","590","607"
"93","Femmine","1132","1146","1297","1325","1436","1480","1450","1390","1103","883","907","1082","1601","1816","1862","1902","1940","2006"
"93","Totale","1418","1442","1659","1718","1810","1837","1848","1768","1449","1147","1163","1362","2138","2378","2400","2533","2530","2613"
"94","Maschi","145","197","211","272","274","278","274","296","291","271","211","200","212","427","424","422","480","456"
"94","Femmine","780","900","912","1047","1063","1179","1195","1180","1144","909","741","734","890","1315","1472","1550","1567","1613"
"94","Totale","925","1097","1123","1319","1337","1457","1469","1476","1435","1180","952","934","1102","1742","1896","1972","2047","2069"
"95","Maschi","118","109","128","158","190","197","195","202","218","203","198","157","141","171","293","307","315","367"
"95","Femmine","547","598","687","686","836","832","948","936","915","887","752","586","583","725","1005","1214","1232","1267"
"95","Totale","665","707","815","844","1026","1029","1143","1138","1133","1090","950","743","724","896","1298","1521","1547","1634"
"96","Maschi","86","94","72","96","107","134","139","132","145","157","154","145","120","102","124","218","209","220"
"96","Femmine","371","420","439","543","514","659","656","735","730","689","698","569","449","455","553","821","949","995"
"96","Totale","457","514","511","639","621","793","795","867","875","846","852","714","569","557","677","1039","1158","1215"
"97","Maschi","58","53","53","41","69","78","92","97","90","109","123","112","102","87","76","87","152","140"
"97","Femmine","260","265","289","325","402","388","479","480","577","549","538","517","428","342","333","426","645","740"
"97","Totale","318","318","342","366","471","466","571","577","667","658","661","629","530","429","409","513","797","880"
"98","Maschi","35","45","36","39","21","43","48","64","61","57","76","91","74","77","55","54","65","105"
"98","Femmine","179","173","170","194","210","289","288","349","356","408","407","416","391","327","246","242","306","496"
"98","Totale","214","218","206","233","231","332","336","413","417","465","483","507","465","404","301","296","371","601"
"99","Maschi","26","21","29","29","24","16","27","35","39","45","41","47","53","49","56","34","35","45"
"99","Femmine","124","123","123","109","131","140","206","196","249","245","307","264","295","266","223","178","178","228"
"99","Totale","150","144","152","138","155","156","233","231","288","290","348","311","348","315","279","212","213","273"
"100 e oltre","Maschi","26","34","36","44","47","48","39","41","51","49","61","60","66","75","73","72","66","70"
"100 e oltre","Femmine","193","192","190","208","194","202","213","285","306","391","434","486","492","555","500","493","452","421"
"100 e oltre","Totale","219","226","226","252","241","250","252","326","357","440","495","546","558","630","573","565","518","491"
"Totale","Maschi","584483","579985","576501","588781","591047","586578","583220","578929","583254","590651","601415","611087","627837","637427","645216","652072","662087","670876"
"Totale","Femmine","668379","664668","660362","669346","671151","666637","662220","658263","662949","669588","678533","683640","695055","702385","706977","711611","718908","725104"
"Totale","Totale","1252862","1244653","1236863","1258127","1262198","1253215","1245440","1237192","1246203","1260239","1279948","1294727","1322892","1339812","1352193","1363683","1380995","1395980"