"Count_180","idSensore","Year","Month"
0,5707,2010,4
0,5707,2010,5
7,5707,2010,6
12,5707,2010,7
1,5707,2010,8
0,5707,2010,9
0,5707,2010,10
0,5707,2011,4
2,5707,2011,5
4,5707,2011,6
2,5707,2011,7
2,5707,2011,8
1,5707,2011,9
0,5707,2011,10
0,5707,2012,4
0,5707,2012,5
3,5707,2012,6
3,5707,2012,7
3,5707,2012,8
0,5707,2012,9
0,5707,2012,10
0,5707,2013,4
0,5707,2013,5
4,5707,2013,6
8,5707,2013,7
6,5707,2013,8
1,5707,2013,9
0,5707,2013,10
0,5707,2014,4
NA,5707,2014,5
5,5707,2014,6
4,5707,2014,7
0,5707,2014,8
0,5707,2014,9
0,5707,2014,10
0,5707,2015,4
1,5707,2015,5
8,5707,2015,6
17,5707,2015,7
6,5707,2015,8
0,5707,2015,9
0,5707,2015,10
0,5707,2016,4
0,5707,2016,5
3,5707,2016,6
5,5707,2016,7
2,5707,2016,8
1,5707,2016,9
0,5707,2016,10
NA,5707,2017,4
0,5707,2017,5
5,5707,2017,6
5,5707,2017,7
6,5707,2017,8
0,5707,2017,9
0,5707,2017,10
NA,5707,2018,4
0,5707,2018,5
1,5707,2018,6
NA,5707,2018,7
4,5707,2018,8
0,5707,2018,9
0,5707,2018,10
0,5707,2019,4
0,5707,2019,5
8,5707,2019,6
6,5707,2019,7
0,5707,2019,8
0,5707,2019,9
NA,5707,2019,10
NA,5707,2020,4
0,5707,2020,5
0,5707,2020,6
3,5707,2020,7
1,5707,2020,8
0,5707,2020,9
0,5707,2020,10
NA,5707,2021,4
0,5707,2021,5
5,5707,2021,6
1,5707,2021,7
5,5707,2021,8
NA,5707,2021,9
0,5707,2021,10
0,5707,2022,4
0,5707,2022,5
7,5707,2022,6
9,5707,2022,7
3,5707,2022,8
0,5707,2022,9
0,5707,2022,10
NA,5710,2010,4
0,5710,2010,5
5,5710,2010,6
15,5710,2010,7
NA,5710,2010,8
0,5710,2010,9
0,5710,2010,10
0,5710,2011,4
NA,5710,2011,5
3,5710,2011,6
NA,5710,2011,7
NA,5710,2011,8
0,5710,2011,9
0,5710,2011,10
NA,5710,2012,4
0,5710,2012,5
3,5710,2012,6
1,5710,2012,7
NA,5710,2012,8
0,5710,2012,9
0,5710,2012,10
0,5710,2013,4
0,5710,2013,5
5,5710,2013,6
12,5710,2013,7
NA,5710,2013,8
0,5710,2013,9
0,5710,2013,10
0,5710,2014,4
NA,5710,2014,5
6,5710,2014,6
0,5710,2014,7
0,5710,2014,8
0,5710,2014,9
0,5710,2014,10
0,5710,2015,4
0,5710,2015,5
3,5710,2015,6
6,5710,2015,7
2,5710,2015,8
0,5710,2015,9
0,5710,2015,10
0,5710,2016,4
0,5710,2016,5
3,5710,2016,6
3,5710,2016,7
0,5710,2016,8
0,5710,2016,9
0,5710,2016,10
0,5710,2017,4
NA,5710,2017,5
2,5710,2017,6
0,5710,2017,7
4,5710,2017,8
0,5710,2017,9
NA,5710,2017,10
0,5710,2018,4
0,5710,2018,5
0,5710,2018,6
2,5710,2018,7
1,5710,2018,8
0,5710,2018,9
NA,5710,2018,10
0,5710,2019,4
0,5710,2019,5
6,5710,2019,6
4,5710,2019,7
0,5710,2019,8
0,5710,2019,9
NA,5710,2019,10
0,5710,2020,4
0,5710,2020,5
0,5710,2020,6
NA,5710,2020,7
0,5710,2020,8
1,5710,2020,9
0,5710,2020,10
0,5710,2021,4
0,5710,2021,5
1,5710,2021,6
0,5710,2021,7
5,5710,2021,8
NA,5710,2021,9
0,5710,2021,10
0,5710,2022,4
0,5710,2022,5
3,5710,2022,6
1,5710,2022,7
0,5710,2022,8
0,5710,2022,9
0,5710,2022,10
NA,5717,2010,4
0,5717,2010,5
4,5717,2010,6
6,5717,2010,7
0,5717,2010,8
0,5717,2010,9
0,5717,2010,10
0,5717,2011,4
2,5717,2011,5
2,5717,2011,6
0,5717,2011,7
1,5717,2011,8
0,5717,2011,9
0,5717,2011,10
0,5717,2012,4
1,5717,2012,5
2,5717,2012,6
2,5717,2012,7
4,5717,2012,8
0,5717,2012,9
0,5717,2012,10
NA,5717,2013,4
0,5717,2013,5
1,5717,2013,6
3,5717,2013,7
1,5717,2013,8
0,5717,2013,9
0,5717,2013,10
0,5717,2014,4
0,5717,2014,5
5,5717,2014,6
0,5717,2014,7
NA,5717,2014,8
0,5717,2014,9
0,5717,2014,10
0,5717,2015,4
NA,5717,2015,5
3,5717,2015,6
1,5717,2015,7
1,5717,2015,8
0,5717,2015,9
0,5717,2015,10
0,5717,2016,4
NA,5717,2016,5
NA,5717,2016,6
3,5717,2016,7
0,5717,2016,8
0,5717,2016,9
0,5717,2016,10
0,5717,2017,4
0,5717,2017,5
1,5717,2017,6
0,5717,2017,7
0,5717,2017,8
0,5717,2017,9
NA,5717,2017,10
0,5717,2018,4
0,5717,2018,5
1,5717,2018,6
0,5717,2018,7
1,5717,2018,8
0,5717,2018,9
0,5717,2018,10
0,5717,2019,4
0,5717,2019,5
3,5717,2019,6
4,5717,2019,7
0,5717,2019,8
0,5717,2019,9
0,5717,2019,10
0,5717,2020,4
0,5717,2020,5
0,5717,2020,6
0,5717,2020,7
0,5717,2020,8
0,5717,2020,9
0,5717,2020,10
0,5717,2021,4
0,5717,2021,5
2,5717,2021,6
0,5717,2021,7
3,5717,2021,8
0,5717,2021,9
0,5717,2021,10
0,5717,2022,4
0,5717,2022,5
NA,5717,2022,6
0,5717,2022,7
0,5717,2022,8
0,5717,2022,9
0,5717,2022,10
0,5718,2010,4
0,5718,2010,5
1,5718,2010,6
4,5718,2010,7
0,5718,2010,8
0,5718,2010,9
0,5718,2010,10
0,5718,2011,4
2,5718,2011,5
1,5718,2011,6
0,5718,2011,7
2,5718,2011,8
0,5718,2011,9
0,5718,2011,10
0,5718,2012,4
0,5718,2012,5
1,5718,2012,6
0,5718,2012,7
1,5718,2012,8
0,5718,2012,9
0,5718,2012,10
0,5718,2013,4
0,5718,2013,5
0,5718,2013,6
3,5718,2013,7
1,5718,2013,8
0,5718,2013,9
0,5718,2013,10
0,5718,2014,4
0,5718,2014,5
NA,5718,2014,6
0,5718,2014,7
0,5718,2014,8
0,5718,2014,9
0,5718,2014,10
0,5718,2015,4
0,5718,2015,5
3,5718,2015,6
9,5718,2015,7
4,5718,2015,8
0,5718,2015,9
0,5718,2015,10
0,5718,2016,4
NA,5718,2016,5
3,5718,2016,6
3,5718,2016,7
0,5718,2016,8
1,5718,2016,9
0,5718,2016,10
0,5718,2017,4
0,5718,2017,5
1,5718,2017,6
0,5718,2017,7
4,5718,2017,8
0,5718,2017,9
0,5718,2017,10
0,5718,2018,4
0,5718,2018,5
0,5718,2018,6
0,5718,2018,7
NA,5718,2018,8
NA,5718,2018,9
0,5718,2018,10
0,5718,2019,4
0,5718,2019,5
NA,5718,2019,6
1,5718,2019,7
0,5718,2019,8
0,5718,2019,9
0,5718,2019,10
0,5718,2020,4
0,5718,2020,5
0,5718,2020,6
0,5718,2020,7
0,5718,2020,8
0,5718,2020,9
0,5718,2020,10
0,5718,2021,4
0,5718,2021,5
1,5718,2021,6
0,5718,2021,7
0,5718,2021,8
0,5718,2021,9
0,5718,2021,10
0,5718,2022,4
0,5718,2022,5
1,5718,2022,6
0,5718,2022,7
0,5718,2022,8
0,5718,2022,9
0,5718,2022,10
0,5719,2010,4
0,5719,2010,5
7,5719,2010,6
11,5719,2010,7
0,5719,2010,8
0,5719,2010,9
0,5719,2010,10
0,5719,2011,4
2,5719,2011,5
4,5719,2011,6
0,5719,2011,7
7,5719,2011,8
1,5719,2011,9
0,5719,2011,10
0,5719,2012,4
0,5719,2012,5
5,5719,2012,6
3,5719,2012,7
9,5719,2012,8
2,5719,2012,9
0,5719,2012,10
0,5719,2013,4
0,5719,2013,5
2,5719,2013,6
7,5719,2013,7
6,5719,2013,8
0,5719,2013,9
0,5719,2013,10
0,5719,2014,4
0,5719,2014,5
6,5719,2014,6
4,5719,2014,7
0,5719,2014,8
0,5719,2014,9
NA,5719,2014,10
0,5719,2015,4
0,5719,2015,5
2,5719,2015,6
9,5719,2015,7
2,5719,2015,8
0,5719,2015,9
NA,5719,2015,10
0,5719,2016,4
0,5719,2016,5
NA,5719,2016,6
7,5719,2016,7
6,5719,2016,8
5,5719,2016,9
0,5719,2016,10
0,5719,2017,4
1,5719,2017,5
9,5719,2017,6
7,5719,2017,7
11,5719,2017,8
0,5719,2017,9
NA,5719,2017,10
0,5719,2018,4
0,5719,2018,5
5,5719,2018,6
9,5719,2018,7
10,5719,2018,8
2,5719,2018,9
0,5719,2018,10
0,5719,2019,4
0,5719,2019,5
9,5719,2019,6
11,5719,2019,7
2,5719,2019,8
0,5719,2019,9
0,5719,2019,10
0,5719,2020,4
0,5719,2020,5
0,5719,2020,6
3,5719,2020,7
1,5719,2020,8
0,5719,2020,9
NA,5719,2020,10
NA,5719,2021,4
0,5719,2021,5
NA,5719,2021,6
3,5719,2021,7
6,5719,2021,8
4,5719,2021,9
0,5719,2021,10
0,5719,2022,4
0,5719,2022,5
5,5719,2022,6
9,5719,2022,7
4,5719,2022,8
0,5719,2022,9
0,5719,2022,10
0,5721,2010,4
0,5721,2010,5
1,5721,2010,6
1,5721,2010,7
0,5721,2010,8
0,5721,2010,9
0,5721,2010,10
0,5721,2011,4
NA,5721,2011,5
0,5721,2011,6
0,5721,2011,7
0,5721,2011,8
0,5721,2011,9
0,5721,2011,10
0,5721,2012,4
1,5721,2012,5
0,5721,2012,6
0,5721,2012,7
0,5721,2012,8
0,5721,2012,9
0,5721,2012,10
0,5721,2013,4
0,5721,2013,5
0,5721,2013,6
1,5721,2013,7
1,5721,2013,8
0,5721,2013,9
0,5721,2013,10
0,5721,2014,4
0,5721,2014,5
5,5721,2014,6
0,5721,2014,7
0,5721,2014,8
0,5721,2014,9
0,5721,2014,10
0,5721,2015,4
0,5721,2015,5
1,5721,2015,6
5,5721,2015,7
2,5721,2015,8
0,5721,2015,9
0,5721,2015,10
0,5721,2016,4
0,5721,2016,5
1,5721,2016,6
3,5721,2016,7
0,5721,2016,8
0,5721,2016,9
0,5721,2016,10
0,5721,2017,4
0,5721,2017,5
1,5721,2017,6
0,5721,2017,7
0,5721,2017,8
0,5721,2017,9
0,5721,2017,10
0,5721,2018,4
NA,5721,2018,5
NA,5721,2018,6
2,5721,2018,7
1,5721,2018,8
0,5721,2018,9
0,5721,2018,10
0,5721,2019,4
0,5721,2019,5
7,5721,2019,6
9,5721,2019,7
1,5721,2019,8
0,5721,2019,9
0,5721,2019,10
0,5721,2020,4
0,5721,2020,5
1,5721,2020,6
0,5721,2020,7
1,5721,2020,8
0,5721,2020,9
0,5721,2020,10
0,5721,2021,4
0,5721,2021,5
0,5721,2021,6
0,5721,2021,7
0,5721,2021,8
0,5721,2021,9
0,5721,2021,10
0,5721,2022,4
0,5721,2022,5
0,5721,2022,6
1,5721,2022,7
0,5721,2022,8
0,5721,2022,9
0,5721,2022,10
0,5725,2010,4
0,5725,2010,5
0,5725,2010,6
NA,5725,2010,7
0,5725,2010,8
0,5725,2010,9
0,5725,2010,10
0,5725,2011,4
1,5725,2011,5
1,5725,2011,6
0,5725,2011,7
2,5725,2011,8
0,5725,2011,9
0,5725,2011,10
0,5725,2012,4
0,5725,2012,5
1,5725,2012,6
0,5725,2012,7
0,5725,2012,8
0,5725,2012,9
0,5725,2012,10
0,5725,2013,4
0,5725,2013,5
0,5725,2013,6
0,5725,2013,7
0,5725,2013,8
0,5725,2013,9
0,5725,2013,10
0,5725,2014,4
0,5725,2014,5
4,5725,2014,6
0,5725,2014,7
0,5725,2014,8
0,5725,2014,9
0,5725,2014,10
0,5725,2015,4
0,5725,2015,5
1,5725,2015,6
NA,5725,2015,7
1,5725,2015,8
0,5725,2015,9
0,5725,2015,10
NA,5725,2016,4
NA,5725,2016,5
0,5725,2016,6
1,5725,2016,7
0,5725,2016,8
0,5725,2016,9
0,5725,2016,10
0,5725,2017,4
0,5725,2017,5
NA,5725,2017,6
NA,5725,2017,7
0,5725,2017,8
0,5725,2017,9
0,5725,2017,10
0,5725,2018,4
0,5725,2018,5
0,5725,2018,6
0,5725,2018,7
1,5725,2018,8
NA,5725,2018,9
0,5725,2018,10
0,5725,2019,4
0,5725,2019,5
4,5725,2019,6
2,5725,2019,7
0,5725,2019,8
0,5725,2019,9
0,5725,2019,10
0,5725,2020,4
0,5725,2020,5
0,5725,2020,6
0,5725,2020,7
0,5725,2020,8
0,5725,2020,9
0,5725,2020,10
0,5725,2021,4
0,5725,2021,5
1,5725,2021,6
0,5725,2021,7
1,5725,2021,8
0,5725,2021,9
0,5725,2021,10
0,5725,2022,4
0,5725,2022,5
4,5725,2022,6
1,5725,2022,7
0,5725,2022,8
0,5725,2022,9
0,5725,2022,10
0,5730,2010,4
0,5730,2010,5
4,5730,2010,6
14,5730,2010,7
1,5730,2010,8
0,5730,2010,9
0,5730,2010,10
0,5730,2011,4
2,5730,2011,5
4,5730,2011,6
NA,5730,2011,7
6,5730,2011,8
2,5730,2011,9
1,5730,2011,10
0,5730,2012,4
1,5730,2012,5
6,5730,2012,6
10,5730,2012,7
9,5730,2012,8
3,5730,2012,9
0,5730,2012,10
0,5730,2013,4
0,5730,2013,5
4,5730,2013,6
18,5730,2013,7
4,5730,2013,8
2,5730,2013,9
0,5730,2013,10
0,5730,2014,4
0,5730,2014,5
7,5730,2014,6
4,5730,2014,7
0,5730,2014,8
0,5730,2014,9
0,5730,2014,10
0,5730,2015,4
1,5730,2015,5
10,5730,2015,6
22,5730,2015,7
10,5730,2015,8
0,5730,2015,9
0,5730,2015,10
0,5730,2016,4
0,5730,2016,5
3,5730,2016,6
9,5730,2016,7
3,5730,2016,8
3,5730,2016,9
0,5730,2016,10
0,5730,2017,4
2,5730,2017,5
10,5730,2017,6
8,5730,2017,7
8,5730,2017,8
0,5730,2017,9
0,5730,2017,10
0,5730,2018,4
0,5730,2018,5
5,5730,2018,6
12,5730,2018,7
7,5730,2018,8
3,5730,2018,9
0,5730,2018,10
0,5730,2019,4
0,5730,2019,5
9,5730,2019,6
14,5730,2019,7
1,5730,2019,8
1,5730,2019,9
0,5730,2019,10
0,5730,2020,4
0,5730,2020,5
1,5730,2020,6
11,5730,2020,7
5,5730,2020,8
2,5730,2020,9
0,5730,2020,10
0,5730,2021,4
0,5730,2021,5
2,5730,2021,6
3,5730,2021,7
1,5730,2021,8
0,5730,2021,9
0,5730,2021,10
0,5730,2022,4
1,5730,2022,5
2,5730,2022,6
8,5730,2022,7
2,5730,2022,8
0,5730,2022,9
0,5730,2022,10
0,5732,2010,4
2,5732,2010,5
7,5732,2010,6
13,5732,2010,7
2,5732,2010,8
0,5732,2010,9
0,5732,2010,10
0,5732,2011,4
0,5732,2011,5
2,5732,2011,6
0,5732,2011,7
0,5732,2011,8
0,5732,2011,9
NA,5732,2011,10
0,5732,2012,4
0,5732,2012,5
0,5732,2012,6
3,5732,2012,7
2,5732,2012,8
0,5732,2012,9
0,5732,2012,10
0,5732,2013,4
0,5732,2013,5
1,5732,2013,6
7,5732,2013,7
6,5732,2013,8
1,5732,2013,9
NA,5732,2013,10
0,5732,2014,4
0,5732,2014,5
3,5732,2014,6
2,5732,2014,7
0,5732,2014,8
0,5732,2014,9
0,5732,2014,10
0,5732,2015,4
1,5732,2015,5
3,5732,2015,6
NA,5732,2015,7
1,5732,2015,8
0,5732,2015,9
0,5732,2015,10
0,5732,2016,4
0,5732,2016,5
2,5732,2016,6
3,5732,2016,7
0,5732,2016,8
0,5732,2016,9
NA,5732,2016,10
0,5732,2017,4
1,5732,2017,5
4,5732,2017,6
3,5732,2017,7
0,5732,2017,8
0,5732,2017,9
0,5732,2017,10
0,5732,2018,4
0,5732,2018,5
1,5732,2018,6
9,5732,2018,7
1,5732,2018,8
0,5732,2018,9
0,5732,2018,10
0,5732,2019,4
0,5732,2019,5
1,5732,2019,6
6,5732,2019,7
0,5732,2019,8
0,5732,2019,9
0,5732,2019,10
0,5732,2020,4
NA,5732,2020,5
0,5732,2020,6
1,5732,2020,7
0,5732,2020,8
0,5732,2020,9
NA,5732,2020,10
0,5732,2021,4
0,5732,2021,5
0,5732,2021,6
1,5732,2021,7
0,5732,2021,8
0,5732,2021,9
0,5732,2021,10
NA,5732,2022,4
0,5732,2022,5
0,5732,2022,6
6,5732,2022,7
1,5732,2022,8
0,5732,2022,9
0,5732,2022,10
0,5735,2010,4
NA,5735,2010,5
NA,5735,2010,6
8,5735,2010,7
1,5735,2010,8
0,5735,2010,9
NA,5735,2010,10
0,5735,2011,4
0,5735,2011,5
1,5735,2011,6
0,5735,2011,7
0,5735,2011,8
0,5735,2011,9
0,5735,2011,10
0,5735,2012,4
0,5735,2012,5
0,5735,2012,6
4,5735,2012,7
3,5735,2012,8
0,5735,2012,9
0,5735,2012,10
0,5735,2013,4
NA,5735,2013,5
0,5735,2013,6
0,5735,2013,7
0,5735,2013,8
0,5735,2013,9
0,5735,2013,10
0,5735,2014,4
0,5735,2014,5
NA,5735,2014,6
0,5735,2014,7
0,5735,2014,8
0,5735,2014,9
0,5735,2014,10
0,5735,2015,4
0,5735,2015,5
5,5735,2015,6
14,5735,2015,7
5,5735,2015,8
0,5735,2015,9
0,5735,2015,10
NA,5735,2016,4
0,5735,2016,5
3,5735,2016,6
5,5735,2016,7
NA,5735,2016,8
5,5735,2016,9
NA,5735,2016,10
0,5735,2017,4
2,5735,2017,5
7,5735,2017,6
4,5735,2017,7
3,5735,2017,8
0,5735,2017,9
0,5735,2017,10
0,5735,2018,4
0,5735,2018,5
0,5735,2018,6
1,5735,2018,7
1,5735,2018,8
0,5735,2018,9
0,5735,2018,10
0,5735,2019,4
NA,5735,2019,5
5,5735,2019,6
6,5735,2019,7
1,5735,2019,8
0,5735,2019,9
0,5735,2019,10
0,5735,2020,4
0,5735,2020,5
0,5735,2020,6
2,5735,2020,7
0,5735,2020,8
0,5735,2020,9
0,5735,2020,10
0,5735,2021,4
0,5735,2021,5
2,5735,2021,6
0,5735,2021,7
0,5735,2021,8
0,5735,2021,9
0,5735,2021,10
NA,5735,2022,4
NA,5735,2022,5
NA,5735,2022,6
NA,5735,2022,7
NA,5735,2022,8
NA,5735,2022,9
NA,5735,2022,10
0,5738,2010,4
0,5738,2010,5
4,5738,2010,6
NA,5738,2010,7
NA,5738,2010,8
0,5738,2010,9
0,5738,2010,10
NA,5738,2011,4
NA,5738,2011,5
0,5738,2011,6
0,5738,2011,7
4,5738,2011,8
0,5738,2011,9
0,5738,2011,10
0,5738,2012,4
NA,5738,2012,5
0,5738,2012,6
3,5738,2012,7
3,5738,2012,8
0,5738,2012,9
0,5738,2012,10
NA,5738,2013,4
0,5738,2013,5
4,5738,2013,6
14,5738,2013,7
4,5738,2013,8
0,5738,2013,9
0,5738,2013,10
0,5738,2014,4
0,5738,2014,5
4,5738,2014,6
NA,5738,2014,7
0,5738,2014,8
1,5738,2014,9
0,5738,2014,10
NA,5738,2015,4
0,5738,2015,5
NA,5738,2015,6
8,5738,2015,7
3,5738,2015,8
0,5738,2015,9
0,5738,2015,10
0,5738,2016,4
NA,5738,2016,5
NA,5738,2016,6
9,5738,2016,7
0,5738,2016,8
2,5738,2016,9
0,5738,2016,10
0,5738,2017,4
6,5738,2017,5
10,5738,2017,6
6,5738,2017,7
2,5738,2017,8
0,5738,2017,9
0,5738,2017,10
NA,5738,2018,4
0,5738,2018,5
0,5738,2018,6
1,5738,2018,7
1,5738,2018,8
0,5738,2018,9
0,5738,2018,10
0,5738,2019,4
0,5738,2019,5
6,5738,2019,6
3,5738,2019,7
NA,5738,2019,8
0,5738,2019,9
0,5738,2019,10
0,5738,2020,4
0,5738,2020,5
0,5738,2020,6
0,5738,2020,7
1,5738,2020,8
0,5738,2020,9
0,5738,2020,10
0,5738,2021,4
0,5738,2021,5
1,5738,2021,6
0,5738,2021,7
0,5738,2021,8
0,5738,2021,9
0,5738,2021,10
0,5738,2022,4
0,5738,2022,5
3,5738,2022,6
0,5738,2022,7
0,5738,2022,8
0,5738,2022,9
0,5738,2022,10
0,5739,2010,4
0,5739,2010,5
0,5739,2010,6
1,5739,2010,7
0,5739,2010,8
0,5739,2010,9
0,5739,2010,10
NA,5739,2011,4
NA,5739,2011,5
0,5739,2011,6
0,5739,2011,7
0,5739,2011,8
0,5739,2011,9
0,5739,2011,10
0,5739,2012,4
0,5739,2012,5
NA,5739,2012,6
0,5739,2012,7
0,5739,2012,8
0,5739,2012,9
0,5739,2012,10
NA,5739,2013,4
0,5739,2013,5
0,5739,2013,6
0,5739,2013,7
0,5739,2013,8
0,5739,2013,9
0,5739,2013,10
0,5739,2014,4
0,5739,2014,5
0,5739,2014,6
0,5739,2014,7
0,5739,2014,8
0,5739,2014,9
0,5739,2014,10
NA,5739,2015,4
0,5739,2015,5
0,5739,2015,6
0,5739,2015,7
0,5739,2015,8
0,5739,2015,9
0,5739,2015,10
0,5739,2016,4
NA,5739,2016,5
0,5739,2016,6
0,5739,2016,7
0,5739,2016,8
0,5739,2016,9
NA,5739,2016,10
0,5739,2017,4
0,5739,2017,5
0,5739,2017,6
0,5739,2017,7
0,5739,2017,8
0,5739,2017,9
0,5739,2017,10
0,5739,2018,4
0,5739,2018,5
0,5739,2018,6
0,5739,2018,7
0,5739,2018,8
0,5739,2018,9
0,5739,2018,10
0,5739,2019,4
0,5739,2019,5
0,5739,2019,6
0,5739,2019,7
0,5739,2019,8
0,5739,2019,9
0,5739,2019,10
0,5739,2020,4
0,5739,2020,5
0,5739,2020,6
0,5739,2020,7
0,5739,2020,8
0,5739,2020,9
0,5739,2020,10
0,5739,2021,4
0,5739,2021,5
0,5739,2021,6
0,5739,2021,7
0,5739,2021,8
0,5739,2021,9
0,5739,2021,10
0,5739,2022,4
0,5739,2022,5
0,5739,2022,6
0,5739,2022,7
0,5739,2022,8
0,5739,2022,9
0,5739,2022,10
0,5742,2010,4
0,5742,2010,5
0,5742,2010,6
1,5742,2010,7
0,5742,2010,8
0,5742,2010,9
0,5742,2010,10
NA,5742,2011,4
1,5742,2011,5
1,5742,2011,6
0,5742,2011,7
NA,5742,2011,8
0,5742,2011,9
0,5742,2011,10
0,5742,2012,4
NA,5742,2012,5
0,5742,2012,6
NA,5742,2012,7
2,5742,2012,8
0,5742,2012,9
0,5742,2012,10
0,5742,2013,4
0,5742,2013,5
NA,5742,2013,6
5,5742,2013,7
2,5742,2013,8
0,5742,2013,9
0,5742,2013,10
0,5742,2014,4
NA,5742,2014,5
3,5742,2014,6
2,5742,2014,7
0,5742,2014,8
0,5742,2014,9
NA,5742,2014,10
NA,5742,2015,4
0,5742,2015,5
2,5742,2015,6
NA,5742,2015,7
0,5742,2015,8
0,5742,2015,9
NA,5742,2015,10
0,5742,2016,4
0,5742,2016,5
2,5742,2016,6
1,5742,2016,7
0,5742,2016,8
0,5742,2016,9
0,5742,2016,10
0,5742,2017,4
2,5742,2017,5
7,5742,2017,6
2,5742,2017,7
0,5742,2017,8
0,5742,2017,9
0,5742,2017,10
NA,5742,2018,4
0,5742,2018,5
3,5742,2018,6
7,5742,2018,7
1,5742,2018,8
0,5742,2018,9
0,5742,2018,10
0,5742,2019,4
0,5742,2019,5
1,5742,2019,6
1,5742,2019,7
0,5742,2019,8
0,5742,2019,9
0,5742,2019,10
0,5742,2020,4
0,5742,2020,5
0,5742,2020,6
1,5742,2020,7
0,5742,2020,8
0,5742,2020,9
0,5742,2020,10
0,5742,2021,4
0,5742,2021,5
0,5742,2021,6
0,5742,2021,7
0,5742,2021,8
0,5742,2021,9
0,5742,2021,10
0,5742,2022,4
0,5742,2022,5
0,5742,2022,6
4,5742,2022,7
0,5742,2022,8
0,5742,2022,9
0,5742,2022,10
0,5749,2010,4
0,5749,2010,5
8,5749,2010,6
13,5749,2010,7
1,5749,2010,8
0,5749,2010,9
0,5749,2010,10
0,5749,2011,4
2,5749,2011,5
4,5749,2011,6
2,5749,2011,7
5,5749,2011,8
1,5749,2011,9
0,5749,2011,10
0,5749,2012,4
1,5749,2012,5
3,5749,2012,6
4,5749,2012,7
12,5749,2012,8
2,5749,2012,9
0,5749,2012,10
0,5749,2013,4
0,5749,2013,5
5,5749,2013,6
11,5749,2013,7
6,5749,2013,8
0,5749,2013,9
0,5749,2013,10
0,5749,2014,4
0,5749,2014,5
6,5749,2014,6
4,5749,2014,7
0,5749,2014,8
0,5749,2014,9
0,5749,2014,10
0,5749,2015,4
1,5749,2015,5
9,5749,2015,6
20,5749,2015,7
10,5749,2015,8
0,5749,2015,9
0,5749,2015,10
0,5749,2016,4
1,5749,2016,5
5,5749,2016,6
9,5749,2016,7
4,5749,2016,8
5,5749,2016,9
0,5749,2016,10
0,5749,2017,4
1,5749,2017,5
9,5749,2017,6
7,5749,2017,7
9,5749,2017,8
0,5749,2017,9
0,5749,2017,10
0,5749,2018,4
0,5749,2018,5
6,5749,2018,6
9,5749,2018,7
8,5749,2018,8
1,5749,2018,9
0,5749,2018,10
0,5749,2019,4
0,5749,2019,5
7,5749,2019,6
6,5749,2019,7
1,5749,2019,8
1,5749,2019,9
0,5749,2019,10
0,5749,2020,4
0,5749,2020,5
0,5749,2020,6
5,5749,2020,7
4,5749,2020,8
1,5749,2020,9
0,5749,2020,10
0,5749,2021,4
0,5749,2021,5
1,5749,2021,6
2,5749,2021,7
6,5749,2021,8
2,5749,2021,9
0,5749,2021,10
0,5749,2022,4
0,5749,2022,5
6,5749,2022,6
10,5749,2022,7
4,5749,2022,8
0,5749,2022,9
0,5749,2022,10
0,5750,2010,4
0,5750,2010,5
6,5750,2010,6
12,5750,2010,7
0,5750,2010,8
0,5750,2010,9
0,5750,2010,10
NA,5750,2011,4
1,5750,2011,5
3,5750,2011,6
2,5750,2011,7
4,5750,2011,8
1,5750,2011,9
0,5750,2011,10
0,5750,2012,4
1,5750,2012,5
5,5750,2012,6
3,5750,2012,7
7,5750,2012,8
0,5750,2012,9
0,5750,2012,10
0,5750,2013,4
0,5750,2013,5
4,5750,2013,6
10,5750,2013,7
5,5750,2013,8
1,5750,2013,9
0,5750,2013,10
0,5750,2014,4
0,5750,2014,5
4,5750,2014,6
1,5750,2014,7
0,5750,2014,8
0,5750,2014,9
0,5750,2014,10
0,5750,2015,4
1,5750,2015,5
8,5750,2015,6
19,5750,2015,7
7,5750,2015,8
0,5750,2015,9
0,5750,2015,10
0,5750,2016,4
1,5750,2016,5
5,5750,2016,6
9,5750,2016,7
4,5750,2016,8
1,5750,2016,9
0,5750,2016,10
0,5750,2017,4
3,5750,2017,5
9,5750,2017,6
9,5750,2017,7
8,5750,2017,8
0,5750,2017,9
0,5750,2017,10
0,5750,2018,4
0,5750,2018,5
2,5750,2018,6
8,5750,2018,7
4,5750,2018,8
0,5750,2018,9
0,5750,2018,10
0,5750,2019,4
0,5750,2019,5
6,5750,2019,6
8,5750,2019,7
1,5750,2019,8
1,5750,2019,9
0,5750,2019,10
0,5750,2020,4
0,5750,2020,5
0,5750,2020,6
3,5750,2020,7
2,5750,2020,8
0,5750,2020,9
0,5750,2020,10
0,5750,2021,4
0,5750,2021,5
0,5750,2021,6
1,5750,2021,7
0,5750,2021,8
0,5750,2021,9
0,5750,2021,10
0,5750,2022,4
0,5750,2022,5
1,5750,2022,6
7,5750,2022,7
2,5750,2022,8
0,5750,2022,9
0,5750,2022,10
0,5952,2010,4
0,5952,2010,5
0,5952,2010,6
NA,5952,2010,7
0,5952,2010,8
0,5952,2010,9
0,5952,2010,10
NA,5952,2011,4
3,5952,2011,5
1,5952,2011,6
0,5952,2011,7
0,5952,2011,8
0,5952,2011,9
0,5952,2011,10
0,5952,2012,4
0,5952,2012,5
0,5952,2012,6
1,5952,2012,7
3,5952,2012,8
0,5952,2012,9
0,5952,2012,10
0,5952,2013,4
0,5952,2013,5
3,5952,2013,6
3,5952,2013,7
5,5952,2013,8
0,5952,2013,9
0,5952,2013,10
0,5952,2014,4
0,5952,2014,5
4,5952,2014,6
0,5952,2014,7
0,5952,2014,8
0,5952,2014,9
0,5952,2014,10
0,5952,2015,4
NA,5952,2015,5
NA,5952,2015,6
7,5952,2015,7
1,5952,2015,8
0,5952,2015,9
0,5952,2015,10
NA,5952,2016,4
0,5952,2016,5
1,5952,2016,6
2,5952,2016,7
0,5952,2016,8
0,5952,2016,9
0,5952,2016,10
0,5952,2017,4
0,5952,2017,5
4,5952,2017,6
1,5952,2017,7
2,5952,2017,8
0,5952,2017,9
0,5952,2017,10
0,5952,2018,4
0,5952,2018,5
0,5952,2018,6
1,5952,2018,7
1,5952,2018,8
0,5952,2018,9
0,5952,2018,10
0,5952,2019,4
0,5952,2019,5
3,5952,2019,6
3,5952,2019,7
0,5952,2019,8
0,5952,2019,9
0,5952,2019,10
0,5952,2020,4
0,5952,2020,5
0,5952,2020,6
0,5952,2020,7
0,5952,2020,8
0,5952,2020,9
0,5952,2020,10
0,5952,2021,4
0,5952,2021,5
0,5952,2021,6
0,5952,2021,7
0,5952,2021,8
0,5952,2021,9
0,5952,2021,10
0,5952,2022,4
0,5952,2022,5
4,5952,2022,6
2,5952,2022,7
0,5952,2022,8
0,5952,2022,9
0,5952,2022,10
0,5960,2010,4
0,5960,2010,5
3,5960,2010,6
7,5960,2010,7
0,5960,2010,8
0,5960,2010,9
0,5960,2010,10
0,5960,2011,4
2,5960,2011,5
1,5960,2011,6
0,5960,2011,7
1,5960,2011,8
0,5960,2011,9
0,5960,2011,10
0,5960,2012,4
1,5960,2012,5
3,5960,2012,6
4,5960,2012,7
3,5960,2012,8
0,5960,2012,9
0,5960,2012,10
0,5960,2013,4
0,5960,2013,5
1,5960,2013,6
14,5960,2013,7
4,5960,2013,8
0,5960,2013,9
0,5960,2013,10
0,5960,2014,4
0,5960,2014,5
NA,5960,2014,6
0,5960,2014,7
0,5960,2014,8
0,5960,2014,9
0,5960,2014,10
0,5960,2015,4
1,5960,2015,5
6,5960,2015,6
16,5960,2015,7
7,5960,2015,8
0,5960,2015,9
0,5960,2015,10
0,5960,2016,4
0,5960,2016,5
2,5960,2016,6
4,5960,2016,7
0,5960,2016,8
1,5960,2016,9
0,5960,2016,10
0,5960,2017,4
1,5960,2017,5
8,5960,2017,6
1,5960,2017,7
0,5960,2017,8
0,5960,2017,9
0,5960,2017,10
0,5960,2018,4
0,5960,2018,5
0,5960,2018,6
NA,5960,2018,7
0,5960,2018,8
0,5960,2018,9
0,5960,2018,10
0,5960,2019,4
0,5960,2019,5
6,5960,2019,6
8,5960,2019,7
0,5960,2019,8
0,5960,2019,9
0,5960,2019,10
0,5960,2020,4
0,5960,2020,5
0,5960,2020,6
1,5960,2020,7
0,5960,2020,8
0,5960,2020,9
0,5960,2020,10
0,5960,2021,4
0,5960,2021,5
0,5960,2021,6
0,5960,2021,7
1,5960,2021,8
0,5960,2021,9
0,5960,2021,10
0,5960,2022,4
0,5960,2022,5
3,5960,2022,6
0,5960,2022,7
0,5960,2022,8
0,5960,2022,9
0,5960,2022,10
0,6582,2010,4
0,6582,2010,5
3,6582,2010,6
7,6582,2010,7
0,6582,2010,8
0,6582,2010,9
0,6582,2010,10
0,6582,2011,4
1,6582,2011,5
2,6582,2011,6
1,6582,2011,7
0,6582,2011,8
0,6582,2011,9
0,6582,2011,10
0,6582,2012,4
NA,6582,2012,5
3,6582,2012,6
1,6582,2012,7
6,6582,2012,8
0,6582,2012,9
0,6582,2012,10
0,6582,2013,4
0,6582,2013,5
1,6582,2013,6
4,6582,2013,7
1,6582,2013,8
0,6582,2013,9
0,6582,2013,10
0,6582,2014,4
0,6582,2014,5
3,6582,2014,6
1,6582,2014,7
0,6582,2014,8
0,6582,2014,9
0,6582,2014,10
0,6582,2015,4
1,6582,2015,5
6,6582,2015,6
18,6582,2015,7
6,6582,2015,8
0,6582,2015,9
0,6582,2015,10
0,6582,2016,4
0,6582,2016,5
3,6582,2016,6
4,6582,2016,7
0,6582,2016,8
1,6582,2016,9
0,6582,2016,10
0,6582,2017,4
1,6582,2017,5
7,6582,2017,6
7,6582,2017,7
3,6582,2017,8
0,6582,2017,9
0,6582,2017,10
0,6582,2018,4
0,6582,2018,5
1,6582,2018,6
6,6582,2018,7
5,6582,2018,8
1,6582,2018,9
0,6582,2018,10
0,6582,2019,4
0,6582,2019,5
6,6582,2019,6
7,6582,2019,7
0,6582,2019,8
0,6582,2019,9
0,6582,2019,10
0,6582,2020,4
0,6582,2020,5
0,6582,2020,6
4,6582,2020,7
2,6582,2020,8
0,6582,2020,9
0,6582,2020,10
0,6582,2021,4
0,6582,2021,5
1,6582,2021,6
2,6582,2021,7
0,6582,2021,8
0,6582,2021,9
0,6582,2021,10
0,6582,2022,4
0,6582,2022,5
0,6582,2022,6
8,6582,2022,7
3,6582,2022,8
0,6582,2022,9
0,6582,2022,10
0,6665,2010,4
0,6665,2010,5
4,6665,2010,6
10,6665,2010,7
0,6665,2010,8
0,6665,2010,9
0,6665,2010,10
0,6665,2011,4
1,6665,2011,5
3,6665,2011,6
1,6665,2011,7
0,6665,2011,8
0,6665,2011,9
0,6665,2011,10
0,6665,2012,4
0,6665,2012,5
5,6665,2012,6
9,6665,2012,7
12,6665,2012,8
1,6665,2012,9
0,6665,2012,10
0,6665,2013,4
0,6665,2013,5
4,6665,2013,6
12,6665,2013,7
6,6665,2013,8
0,6665,2013,9
0,6665,2013,10
0,6665,2014,4
0,6665,2014,5
5,6665,2014,6
3,6665,2014,7
0,6665,2014,8
0,6665,2014,9
0,6665,2014,10
0,6665,2015,4
1,6665,2015,5
11,6665,2015,6
22,6665,2015,7
12,6665,2015,8
0,6665,2015,9
0,6665,2015,10
0,6665,2016,4
1,6665,2016,5
5,6665,2016,6
10,6665,2016,7
7,6665,2016,8
6,6665,2016,9
0,6665,2016,10
0,6665,2017,4
3,6665,2017,5
10,6665,2017,6
10,6665,2017,7
10,6665,2017,8
0,6665,2017,9
0,6665,2017,10
0,6665,2018,4
0,6665,2018,5
5,6665,2018,6
12,6665,2018,7
8,6665,2018,8
3,6665,2018,9
0,6665,2018,10
0,6665,2019,4
0,6665,2019,5
6,6665,2019,6
9,6665,2019,7
1,6665,2019,8
0,6665,2019,9
0,6665,2019,10
NA,6665,2020,4
0,6665,2020,5
0,6665,2020,6
5,6665,2020,7
4,6665,2020,8
0,6665,2020,9
0,6665,2020,10
0,6665,2021,4
0,6665,2021,5
2,6665,2021,6
3,6665,2021,7
2,6665,2021,8
1,6665,2021,9
0,6665,2021,10
0,6665,2022,4
1,6665,2022,5
5,6665,2022,6
10,6665,2022,7
3,6665,2022,8
0,6665,2022,9
0,6665,2022,10
0,6691,2010,4
0,6691,2010,5
0,6691,2010,6
NA,6691,2010,7
0,6691,2010,8
0,6691,2010,9
0,6691,2010,10
0,6691,2011,4
3,6691,2011,5
3,6691,2011,6
2,6691,2011,7
4,6691,2011,8
0,6691,2011,9
0,6691,2011,10
0,6691,2012,4
0,6691,2012,5
NA,6691,2012,6
3,6691,2012,7
0,6691,2012,8
0,6691,2012,9
NA,6691,2012,10
0,6691,2013,4
0,6691,2013,5
0,6691,2013,6
1,6691,2013,7
1,6691,2013,8
0,6691,2013,9
0,6691,2013,10
0,6691,2014,4
0,6691,2014,5
4,6691,2014,6
0,6691,2014,7
0,6691,2014,8
0,6691,2014,9
0,6691,2014,10
0,6691,2015,4
0,6691,2015,5
2,6691,2015,6
13,6691,2015,7
5,6691,2015,8
0,6691,2015,9
0,6691,2015,10
0,6691,2016,4
0,6691,2016,5
1,6691,2016,6
3,6691,2016,7
0,6691,2016,8
0,6691,2016,9
0,6691,2016,10
0,6691,2017,4
4,6691,2017,5
0,6691,2017,6
2,6691,2017,7
2,6691,2017,8
0,6691,2017,9
0,6691,2017,10
0,6691,2018,4
0,6691,2018,5
1,6691,2018,6
3,6691,2018,7
1,6691,2018,8
0,6691,2018,9
0,6691,2018,10
0,6691,2019,4
0,6691,2019,5
4,6691,2019,6
6,6691,2019,7
0,6691,2019,8
0,6691,2019,9
0,6691,2019,10
0,6691,2020,4
0,6691,2020,5
0,6691,2020,6
0,6691,2020,7
0,6691,2020,8
0,6691,2020,9
0,6691,2020,10
0,6691,2021,4
0,6691,2021,5
0,6691,2021,6
0,6691,2021,7
0,6691,2021,8
0,6691,2021,9
0,6691,2021,10
0,6691,2022,4
0,6691,2022,5
1,6691,2022,6
1,6691,2022,7
0,6691,2022,8
0,6691,2022,9
0,6691,2022,10
0,6804,2010,4
0,6804,2010,5
0,6804,2010,6
10,6804,2010,7
0,6804,2010,8
0,6804,2010,9
0,6804,2010,10
0,6804,2011,4
2,6804,2011,5
1,6804,2011,6
0,6804,2011,7
1,6804,2011,8
0,6804,2011,9
0,6804,2011,10
0,6804,2012,4
1,6804,2012,5
0,6804,2012,6
1,6804,2012,7
3,6804,2012,8
0,6804,2012,9
0,6804,2012,10
0,6804,2013,4
0,6804,2013,5
1,6804,2013,6
NA,6804,2013,7
4,6804,2013,8
0,6804,2013,9
0,6804,2013,10
0,6804,2014,4
0,6804,2014,5
5,6804,2014,6
0,6804,2014,7
0,6804,2014,8
0,6804,2014,9
0,6804,2014,10
0,6804,2015,4
0,6804,2015,5
4,6804,2015,6
13,6804,2015,7
5,6804,2015,8
0,6804,2015,9
0,6804,2015,10
NA,6804,2016,4
0,6804,2016,5
2,6804,2016,6
1,6804,2016,7
0,6804,2016,8
0,6804,2016,9
0,6804,2016,10
0,6804,2017,4
1,6804,2017,5
10,6804,2017,6
3,6804,2017,7
3,6804,2017,8
0,6804,2017,9
NA,6804,2017,10
0,6804,2018,4
NA,6804,2018,5
NA,6804,2018,6
2,6804,2018,7
1,6804,2018,8
0,6804,2018,9
0,6804,2018,10
0,6804,2019,4
0,6804,2019,5
3,6804,2019,6
7,6804,2019,7
0,6804,2019,8
0,6804,2019,9
0,6804,2019,10
0,6804,2020,4
0,6804,2020,5
0,6804,2020,6
2,6804,2020,7
0,6804,2020,8
0,6804,2020,9
0,6804,2020,10
0,6804,2021,4
0,6804,2021,5
1,6804,2021,6
0,6804,2021,7
NA,6804,2021,8
0,6804,2021,9
0,6804,2021,10
0,6804,2022,4
0,6804,2022,5
2,6804,2022,6
0,6804,2022,7
0,6804,2022,8
0,6804,2022,9
0,6804,2022,10
0,6818,2010,4
0,6818,2010,5
0,6818,2010,6
NA,6818,2010,7
0,6818,2010,8
0,6818,2010,9
0,6818,2010,10
0,6818,2011,4
2,6818,2011,5
0,6818,2011,6
0,6818,2011,7
0,6818,2011,8
0,6818,2011,9
0,6818,2011,10
0,6818,2012,4
0,6818,2012,5
0,6818,2012,6
0,6818,2012,7
2,6818,2012,8
0,6818,2012,9
0,6818,2012,10
0,6818,2013,4
0,6818,2013,5
3,6818,2013,6
8,6818,2013,7
2,6818,2013,8
0,6818,2013,9
0,6818,2013,10
0,6818,2014,4
0,6818,2014,5
6,6818,2014,6
0,6818,2014,7
0,6818,2014,8
0,6818,2014,9
0,6818,2014,10
0,6818,2015,4
0,6818,2015,5
0,6818,2015,6
1,6818,2015,7
1,6818,2015,8
0,6818,2015,9
0,6818,2015,10
0,6818,2016,4
0,6818,2016,5
0,6818,2016,6
2,6818,2016,7
0,6818,2016,8
0,6818,2016,9
NA,6818,2016,10
0,6818,2017,4
NA,6818,2017,5
8,6818,2017,6
4,6818,2017,7
3,6818,2017,8
0,6818,2017,9
0,6818,2017,10
0,6818,2018,4
0,6818,2018,5
1,6818,2018,6
2,6818,2018,7
1,6818,2018,8
0,6818,2018,9
0,6818,2018,10
0,6818,2019,4
0,6818,2019,5
2,6818,2019,6
4,6818,2019,7
0,6818,2019,8
0,6818,2019,9
0,6818,2019,10
0,6818,2020,4
0,6818,2020,5
0,6818,2020,6
0,6818,2020,7
0,6818,2020,8
0,6818,2020,9
0,6818,2020,10
0,6818,2021,4
0,6818,2021,5
0,6818,2021,6
0,6818,2021,7
0,6818,2021,8
0,6818,2021,9
0,6818,2021,10
0,6818,2022,4
0,6818,2022,5
0,6818,2022,6
4,6818,2022,7
1,6818,2022,8
0,6818,2022,9
0,6818,2022,10
0,6832,2010,4
0,6832,2010,5
0,6832,2010,6
NA,6832,2010,7
1,6832,2010,8
0,6832,2010,9
0,6832,2010,10
5,6832,2011,4
3,6832,2011,5
2,6832,2011,6
0,6832,2011,7
4,6832,2011,8
0,6832,2011,9
0,6832,2011,10
0,6832,2012,4
2,6832,2012,5
1,6832,2012,6
2,6832,2012,7
3,6832,2012,8
0,6832,2012,9
0,6832,2012,10
0,6832,2013,4
0,6832,2013,5
5,6832,2013,6
9,6832,2013,7
4,6832,2013,8
0,6832,2013,9
0,6832,2013,10
0,6832,2014,4
NA,6832,2014,5
6,6832,2014,6
0,6832,2014,7
0,6832,2014,8
0,6832,2014,9
0,6832,2014,10
0,6832,2015,4
0,6832,2015,5
6,6832,2015,6
15,6832,2015,7
4,6832,2015,8
0,6832,2015,9
0,6832,2015,10
0,6832,2016,4
0,6832,2016,5
0,6832,2016,6
2,6832,2016,7
0,6832,2016,8
0,6832,2016,9
0,6832,2016,10
0,6832,2017,4
1,6832,2017,5
9,6832,2017,6
5,6832,2017,7
2,6832,2017,8
0,6832,2017,9
NA,6832,2017,10
0,6832,2018,4
0,6832,2018,5
2,6832,2018,6
7,6832,2018,7
2,6832,2018,8
0,6832,2018,9
0,6832,2018,10
0,6832,2019,4
0,6832,2019,5
6,6832,2019,6
10,6832,2019,7
0,6832,2019,8
0,6832,2019,9
0,6832,2019,10
0,6832,2020,4
0,6832,2020,5
0,6832,2020,6
2,6832,2020,7
0,6832,2020,8
0,6832,2020,9
0,6832,2020,10
0,6832,2021,4
0,6832,2021,5
3,6832,2021,6
0,6832,2021,7
1,6832,2021,8
0,6832,2021,9
0,6832,2021,10
0,6832,2022,4
0,6832,2022,5
2,6832,2022,6
2,6832,2022,7
1,6832,2022,8
0,6832,2022,9
0,6832,2022,10
0,6884,2010,4
0,6884,2010,5
0,6884,2010,6
2,6884,2010,7
0,6884,2010,8
0,6884,2010,9
0,6884,2010,10
0,6884,2011,4
0,6884,2011,5
NA,6884,2011,6
2,6884,2011,7
NA,6884,2011,8
0,6884,2011,9
0,6884,2011,10
0,6884,2012,4
2,6884,2012,5
4,6884,2012,6
4,6884,2012,7
1,6884,2012,8
0,6884,2012,9
0,6884,2012,10
0,6884,2013,4
0,6884,2013,5
2,6884,2013,6
4,6884,2013,7
4,6884,2013,8
0,6884,2013,9
0,6884,2013,10
0,6884,2014,4
0,6884,2014,5
1,6884,2014,6
0,6884,2014,7
0,6884,2014,8
0,6884,2014,9
0,6884,2014,10
0,6884,2015,4
0,6884,2015,5
0,6884,2015,6
7,6884,2015,7
1,6884,2015,8
0,6884,2015,9
0,6884,2015,10
0,6884,2016,4
0,6884,2016,5
0,6884,2016,6
4,6884,2016,7
0,6884,2016,8
0,6884,2016,9
0,6884,2016,10
0,6884,2017,4
0,6884,2017,5
2,6884,2017,6
0,6884,2017,7
0,6884,2017,8
0,6884,2017,9
0,6884,2017,10
0,6884,2018,4
0,6884,2018,5
0,6884,2018,6
4,6884,2018,7
1,6884,2018,8
1,6884,2018,9
0,6884,2018,10
0,6884,2019,4
0,6884,2019,5
2,6884,2019,6
4,6884,2019,7
0,6884,2019,8
0,6884,2019,9
0,6884,2019,10
0,6884,2020,4
0,6884,2020,5
0,6884,2020,6
0,6884,2020,7
0,6884,2020,8
0,6884,2020,9
0,6884,2020,10
0,6884,2021,4
0,6884,2021,5
0,6884,2021,6
0,6884,2021,7
0,6884,2021,8
0,6884,2021,9
0,6884,2021,10
0,6884,2022,4
0,6884,2022,5
1,6884,2022,6
1,6884,2022,7
0,6884,2022,8
0,6884,2022,9
0,6884,2022,10
0,6904,2010,4
0,6904,2010,5
5,6904,2010,6
10,6904,2010,7
0,6904,2010,8
0,6904,2010,9
0,6904,2010,10
0,6904,2011,4
NA,6904,2011,5
2,6904,2011,6
1,6904,2011,7
3,6904,2011,8
0,6904,2011,9
0,6904,2011,10
NA,6904,2012,4
NA,6904,2012,5
NA,6904,2012,6
4,6904,2012,7
4,6904,2012,8
NA,6904,2012,9
0,6904,2012,10
0,6904,2013,4
0,6904,2013,5
3,6904,2013,6
9,6904,2013,7
3,6904,2013,8
0,6904,2013,9
0,6904,2013,10
0,6904,2014,4
1,6904,2014,5
7,6904,2014,6
2,6904,2014,7
0,6904,2014,8
0,6904,2014,9
0,6904,2014,10
NA,6904,2015,4
1,6904,2015,5
7,6904,2015,6
20,6904,2015,7
8,6904,2015,8
0,6904,2015,9
0,6904,2015,10
0,6904,2016,4
0,6904,2016,5
2,6904,2016,6
4,6904,2016,7
NA,6904,2016,8
1,6904,2016,9
0,6904,2016,10
0,6904,2017,4
2,6904,2017,5
6,6904,2017,6
9,6904,2017,7
10,6904,2017,8
0,6904,2017,9
0,6904,2017,10
0,6904,2018,4
0,6904,2018,5
3,6904,2018,6
2,6904,2018,7
1,6904,2018,8
1,6904,2018,9
0,6904,2018,10
0,6904,2019,4
0,6904,2019,5
8,6904,2019,6
8,6904,2019,7
0,6904,2019,8
4,6904,2019,9
0,6904,2019,10
0,6904,2020,4
0,6904,2020,5
0,6904,2020,6
5,6904,2020,7
0,6904,2020,8
1,6904,2020,9
0,6904,2020,10
0,6904,2021,4
0,6904,2021,5
2,6904,2021,6
0,6904,2021,7
0,6904,2021,8
1,6904,2021,9
0,6904,2021,10
0,6904,2022,4
4,6904,2022,5
5,6904,2022,6
6,6904,2022,7
4,6904,2022,8
1,6904,2022,9
0,6904,2022,10
0,9856,2010,4
0,9856,2010,5
6,9856,2010,6
8,9856,2010,7
1,9856,2010,8
NA,9856,2010,9
NA,9856,2010,10
0,9856,2011,4
3,9856,2011,5
NA,9856,2011,6
NA,9856,2011,7
4,9856,2011,8
NA,9856,2011,9
0,9856,2011,10
0,9856,2012,4
1,9856,2012,5
4,9856,2012,6
3,9856,2012,7
0,9856,2012,8
0,9856,2012,9
0,9856,2012,10
0,9856,2013,4
0,9856,2013,5
2,9856,2013,6
8,9856,2013,7
2,9856,2013,8
1,9856,2013,9
0,9856,2013,10
0,9856,2014,4
0,9856,2014,5
5,9856,2014,6
2,9856,2014,7
0,9856,2014,8
0,9856,2014,9
0,9856,2014,10
0,9856,2015,4
NA,9856,2015,5
0,9856,2015,6
13,9856,2015,7
4,9856,2015,8
0,9856,2015,9
0,9856,2015,10
0,9856,2016,4
0,9856,2016,5
4,9856,2016,6
3,9856,2016,7
0,9856,2016,8
1,9856,2016,9
0,9856,2016,10
0,9856,2017,4
0,9856,2017,5
0,9856,2017,6
1,9856,2017,7
4,9856,2017,8
0,9856,2017,9
0,9856,2017,10
0,9856,2018,4
0,9856,2018,5
2,9856,2018,6
4,9856,2018,7
2,9856,2018,8
1,9856,2018,9
0,9856,2018,10
0,9856,2019,4
0,9856,2019,5
5,9856,2019,6
6,9856,2019,7
0,9856,2019,8
0,9856,2019,9
0,9856,2019,10
0,9856,2020,4
0,9856,2020,5
1,9856,2020,6
0,9856,2020,7
0,9856,2020,8
NA,9856,2020,9
0,9856,2020,10
0,9856,2021,4
0,9856,2021,5
NA,9856,2021,6
NA,9856,2021,7
0,9856,2021,8
NA,9856,2021,9
0,9856,2021,10
0,9856,2022,4
0,9856,2022,5
NA,9856,2022,6
5,9856,2022,7
1,9856,2022,8
0,9856,2022,9
0,9856,2022,10
0,9861,2010,4
0,9861,2010,5
0,9861,2010,6
0,9861,2010,7
0,9861,2010,8
0,9861,2010,9
0,9861,2010,10
0,9861,2011,4
0,9861,2011,5
0,9861,2011,6
0,9861,2011,7
6,9861,2011,8
NA,9861,2011,9
0,9861,2011,10
0,9861,2012,4
0,9861,2012,5
2,9861,2012,6
2,9861,2012,7
2,9861,2012,8
0,9861,2012,9
0,9861,2012,10
0,9861,2013,4
0,9861,2013,5
NA,9861,2013,6
1,9861,2013,7
0,9861,2013,8
0,9861,2013,9
0,9861,2013,10
NA,9861,2014,4
0,9861,2014,5
7,9861,2014,6
1,9861,2014,7
0,9861,2014,8
0,9861,2014,9
0,9861,2014,10
0,9861,2015,4
0,9861,2015,5
1,9861,2015,6
6,9861,2015,7
2,9861,2015,8
0,9861,2015,9
0,9861,2015,10
0,9861,2016,4
0,9861,2016,5
0,9861,2016,6
2,9861,2016,7
0,9861,2016,8
0,9861,2016,9
0,9861,2016,10
0,9861,2017,4
0,9861,2017,5
0,9861,2017,6
1,9861,2017,7
3,9861,2017,8
0,9861,2017,9
0,9861,2017,10
0,9861,2018,4
0,9861,2018,5
0,9861,2018,6
0,9861,2018,7
0,9861,2018,8
0,9861,2018,9
NA,9861,2018,10
0,9861,2019,4
0,9861,2019,5
3,9861,2019,6
3,9861,2019,7
0,9861,2019,8
0,9861,2019,9
0,9861,2019,10
0,9861,2020,4
0,9861,2020,5
0,9861,2020,6
0,9861,2020,7
0,9861,2020,8
0,9861,2020,9
0,9861,2020,10
0,9861,2021,4
NA,9861,2021,5
0,9861,2021,6
0,9861,2021,7
0,9861,2021,8
0,9861,2021,9
0,9861,2021,10
0,9861,2022,4
0,9861,2022,5
0,9861,2022,6
0,9861,2022,7
0,9861,2022,8
0,9861,2022,9
0,9861,2022,10
NA,9882,2010,4
0,9882,2010,5
2,9882,2010,6
11,9882,2010,7
0,9882,2010,8
NA,9882,2010,9
0,9882,2010,10
0,9882,2011,4
1,9882,2011,5
1,9882,2011,6
0,9882,2011,7
5,9882,2011,8
0,9882,2011,9
0,9882,2011,10
0,9882,2012,4
0,9882,2012,5
NA,9882,2012,6
7,9882,2012,7
8,9882,2012,8
NA,9882,2012,9
NA,9882,2012,10
0,9882,2013,4
0,9882,2013,5
2,9882,2013,6
11,9882,2013,7
5,9882,2013,8
0,9882,2013,9
NA,9882,2013,10
0,9882,2014,4
0,9882,2014,5
4,9882,2014,6
1,9882,2014,7
1,9882,2014,8
0,9882,2014,9
0,9882,2014,10
0,9882,2015,4
1,9882,2015,5
1,9882,2015,6
NA,9882,2015,7
11,9882,2015,8
0,9882,2015,9
0,9882,2015,10
0,9882,2016,4
0,9882,2016,5
NA,9882,2016,6
6,9882,2016,7
0,9882,2016,8
4,9882,2016,9
0,9882,2016,10
0,9882,2017,4
2,9882,2017,5
10,9882,2017,6
7,9882,2017,7
9,9882,2017,8
0,9882,2017,9
0,9882,2017,10
0,9882,2018,4
NA,9882,2018,5
2,9882,2018,6
8,9882,2018,7
8,9882,2018,8
1,9882,2018,9
0,9882,2018,10
0,9882,2019,4
0,9882,2019,5
7,9882,2019,6
10,9882,2019,7
1,9882,2019,8
0,9882,2019,9
0,9882,2019,10
0,9882,2020,4
0,9882,2020,5
0,9882,2020,6
6,9882,2020,7
1,9882,2020,8
0,9882,2020,9
0,9882,2020,10
0,9882,2021,4
0,9882,2021,5
1,9882,2021,6
0,9882,2021,7
4,9882,2021,8
0,9882,2021,9
0,9882,2021,10
0,9882,2022,4
0,9882,2022,5
3,9882,2022,6
2,9882,2022,7
2,9882,2022,8
0,9882,2022,9
0,9882,2022,10
0,9899,2010,4
0,9899,2010,5
1,9899,2010,6
0,9899,2010,7
0,9899,2010,8
0,9899,2010,9
0,9899,2010,10
0,9899,2011,4
4,9899,2011,5
1,9899,2011,6
0,9899,2011,7
3,9899,2011,8
0,9899,2011,9
0,9899,2011,10
0,9899,2012,4
0,9899,2012,5
0,9899,2012,6
2,9899,2012,7
2,9899,2012,8
NA,9899,2012,9
0,9899,2012,10
0,9899,2013,4
0,9899,2013,5
0,9899,2013,6
1,9899,2013,7
3,9899,2013,8
NA,9899,2013,9
NA,9899,2013,10
0,9899,2014,4
0,9899,2014,5
2,9899,2014,6
0,9899,2014,7
0,9899,2014,8
0,9899,2014,9
NA,9899,2014,10
0,9899,2015,4
0,9899,2015,5
1,9899,2015,6
6,9899,2015,7
2,9899,2015,8
0,9899,2015,9
0,9899,2015,10
0,9899,2016,4
0,9899,2016,5
0,9899,2016,6
0,9899,2016,7
0,9899,2016,8
NA,9899,2016,9
0,9899,2016,10
0,9899,2017,4
NA,9899,2017,5
NA,9899,2017,6
1,9899,2017,7
2,9899,2017,8
0,9899,2017,9
0,9899,2017,10
0,9899,2018,4
0,9899,2018,5
0,9899,2018,6
1,9899,2018,7
1,9899,2018,8
0,9899,2018,9
0,9899,2018,10
0,9899,2019,4
0,9899,2019,5
4,9899,2019,6
8,9899,2019,7
0,9899,2019,8
NA,9899,2019,9
NA,9899,2019,10
0,9899,2020,4
0,9899,2020,5
0,9899,2020,6
4,9899,2020,7
1,9899,2020,8
0,9899,2020,9
0,9899,2020,10
1,9899,2021,4
0,9899,2021,5
1,9899,2021,6
0,9899,2021,7
0,9899,2021,8
0,9899,2021,9
0,9899,2021,10
0,9899,2022,4
0,9899,2022,5
4,9899,2022,6
2,9899,2022,7
0,9899,2022,8
0,9899,2022,9
0,9899,2022,10
0,9925,2010,4
NA,9925,2010,5
0,9925,2010,6
6,9925,2010,7
0,9925,2010,8
0,9925,2010,9
0,9925,2010,10
0,9925,2011,4
0,9925,2011,5
1,9925,2011,6
0,9925,2011,7
0,9925,2011,8
0,9925,2011,9
0,9925,2011,10
0,9925,2012,4
0,9925,2012,5
0,9925,2012,6
1,9925,2012,7
2,9925,2012,8
0,9925,2012,9
0,9925,2012,10
0,9925,2013,4
0,9925,2013,5
0,9925,2013,6
6,9925,2013,7
3,9925,2013,8
0,9925,2013,9
0,9925,2013,10
0,9925,2014,4
0,9925,2014,5
5,9925,2014,6
0,9925,2014,7
0,9925,2014,8
0,9925,2014,9
0,9925,2014,10
0,9925,2015,4
0,9925,2015,5
NA,9925,2015,6
NA,9925,2015,7
4,9925,2015,8
0,9925,2015,9
0,9925,2015,10
0,9925,2016,4
0,9925,2016,5
1,9925,2016,6
4,9925,2016,7
0,9925,2016,8
0,9925,2016,9
0,9925,2016,10
0,9925,2017,4
0,9925,2017,5
NA,9925,2017,6
4,9925,2017,7
1,9925,2017,8
0,9925,2017,9
0,9925,2017,10
0,9925,2018,4
0,9925,2018,5
0,9925,2018,6
7,9925,2018,7
2,9925,2018,8
0,9925,2018,9
0,9925,2018,10
0,9925,2019,4
0,9925,2019,5
3,9925,2019,6
3,9925,2019,7
0,9925,2019,8
0,9925,2019,9
0,9925,2019,10
0,9925,2020,4
0,9925,2020,5
0,9925,2020,6
5,9925,2020,7
0,9925,2020,8
0,9925,2020,9
0,9925,2020,10
0,9925,2021,4
0,9925,2021,5
0,9925,2021,6
0,9925,2021,7
0,9925,2021,8
0,9925,2021,9
0,9925,2021,10
0,9925,2022,4
0,9925,2022,5
3,9925,2022,6
3,9925,2022,7
0,9925,2022,8
0,9925,2022,9
0,9925,2022,10
0,9972,2010,4
2,9972,2010,5
8,9972,2010,6
20,9972,2010,7
2,9972,2010,8
0,9972,2010,9
0,9972,2010,10
0,9972,2011,4
2,9972,2011,5
4,9972,2011,6
2,9972,2011,7
10,9972,2011,8
3,9972,2011,9
1,9972,2011,10
0,9972,2012,4
1,9972,2012,5
6,9972,2012,6
10,9972,2012,7
8,9972,2012,8
3,9972,2012,9
0,9972,2012,10
0,9972,2013,4
0,9972,2013,5
6,9972,2013,6
13,9972,2013,7
10,9972,2013,8
2,9972,2013,9
0,9972,2013,10
NA,9972,2014,4
0,9972,2014,5
5,9972,2014,6
2,9972,2014,7
0,9972,2014,8
0,9972,2014,9
0,9972,2014,10
0,9972,2015,4
1,9972,2015,5
8,9972,2015,6
19,9972,2015,7
3,9972,2015,8
0,9972,2015,9
0,9972,2015,10
0,9972,2016,4
0,9972,2016,5
3,9972,2016,6
6,9972,2016,7
0,9972,2016,8
1,9972,2016,9
0,9972,2016,10
0,9972,2017,4
2,9972,2017,5
7,9972,2017,6
8,9972,2017,7
5,9972,2017,8
0,9972,2017,9
0,9972,2017,10
0,9972,2018,4
0,9972,2018,5
3,9972,2018,6
8,9972,2018,7
5,9972,2018,8
NA,9972,2018,9
0,9972,2018,10
0,9972,2019,4
0,9972,2019,5
12,9972,2019,6
14,9972,2019,7
0,9972,2019,8
0,9972,2019,9
0,9972,2019,10
0,9972,2020,4
0,9972,2020,5
0,9972,2020,6
8,9972,2020,7
4,9972,2020,8
0,9972,2020,9
0,9972,2020,10
0,9972,2021,4
0,9972,2021,5
2,9972,2021,6
4,9972,2021,7
0,9972,2021,8
1,9972,2021,9
0,9972,2021,10
0,9972,2022,4
1,9972,2022,5
1,9972,2022,6
10,9972,2022,7
5,9972,2022,8
0,9972,2022,9
0,9972,2022,10
0,9991,2010,4
0,9991,2010,5
5,9991,2010,6
10,9991,2010,7
2,9991,2010,8
0,9991,2010,9
NA,9991,2010,10
0,9991,2011,4
5,9991,2011,5
5,9991,2011,6
4,9991,2011,7
9,9991,2011,8
4,9991,2011,9
NA,9991,2011,10
0,9991,2012,4
0,9991,2012,5
2,9991,2012,6
8,9991,2012,7
5,9991,2012,8
NA,9991,2012,9
0,9991,2012,10
0,9991,2013,4
0,9991,2013,5
NA,9991,2013,6
NA,9991,2013,7
NA,9991,2013,8
2,9991,2013,9
0,9991,2013,10
0,9991,2014,4
0,9991,2014,5
7,9991,2014,6
4,9991,2014,7
0,9991,2014,8
0,9991,2014,9
0,9991,2014,10
0,9991,2015,4
2,9991,2015,5
12,9991,2015,6
21,9991,2015,7
14,9991,2015,8
1,9991,2015,9
0,9991,2015,10
0,9991,2016,4
0,9991,2016,5
4,9991,2016,6
7,9991,2016,7
0,9991,2016,8
3,9991,2016,9
0,9991,2016,10
0,9991,2017,4
3,9991,2017,5
10,9991,2017,6
8,9991,2017,7
7,9991,2017,8
0,9991,2017,9
0,9991,2017,10
0,9991,2018,4
0,9991,2018,5
0,9991,2018,6
7,9991,2018,7
1,9991,2018,8
0,9991,2018,9
0,9991,2018,10
0,9991,2019,4
0,9991,2019,5
11,9991,2019,6
13,9991,2019,7
2,9991,2019,8
0,9991,2019,9
0,9991,2019,10
0,9991,2020,4
NA,9991,2020,5
1,9991,2020,6
10,9991,2020,7
2,9991,2020,8
0,9991,2020,9
0,9991,2020,10
0,9991,2021,4
0,9991,2021,5
2,9991,2021,6
4,9991,2021,7
1,9991,2021,8
1,9991,2021,9
0,9991,2021,10
0,9991,2022,4
1,9991,2022,5
3,9991,2022,6
11,9991,2022,7
4,9991,2022,8
0,9991,2022,9
0,9991,2022,10
0,9997,2010,4
0,9997,2010,5
3,9997,2010,6
0,9997,2010,7
0,9997,2010,8
0,9997,2010,9
0,9997,2010,10
NA,9997,2011,4
1,9997,2011,5
0,9997,2011,6
0,9997,2011,7
0,9997,2011,8
0,9997,2011,9
0,9997,2011,10
0,9997,2012,4
1,9997,2012,5
3,9997,2012,6
0,9997,2012,7
0,9997,2012,8
0,9997,2012,9
0,9997,2012,10
NA,9997,2013,4
0,9997,2013,5
2,9997,2013,6
3,9997,2013,7
0,9997,2013,8
0,9997,2013,9
0,9997,2013,10
NA,9997,2014,4
0,9997,2014,5
4,9997,2014,6
NA,9997,2014,7
0,9997,2014,8
0,9997,2014,9
0,9997,2014,10
0,9997,2015,4
1,9997,2015,5
1,9997,2015,6
1,9997,2015,7
1,9997,2015,8
0,9997,2015,9
0,9997,2015,10
0,9997,2016,4
0,9997,2016,5
2,9997,2016,6
0,9997,2016,7
0,9997,2016,8
0,9997,2016,9
0,9997,2016,10
0,9997,2017,4
2,9997,2017,5
0,9997,2017,6
0,9997,2017,7
3,9997,2017,8
0,9997,2017,9
0,9997,2017,10
0,9997,2018,4
0,9997,2018,5
0,9997,2018,6
1,9997,2018,7
0,9997,2018,8
0,9997,2018,9
0,9997,2018,10
0,9997,2019,4
NA,9997,2019,5
3,9997,2019,6
NA,9997,2019,7
0,9997,2019,8
0,9997,2019,9
0,9997,2019,10
0,9997,2020,4
0,9997,2020,5
0,9997,2020,6
0,9997,2020,7
0,9997,2020,8
0,9997,2020,9
NA,9997,2020,10
0,9997,2021,4
0,9997,2021,5
0,9997,2021,6
0,9997,2021,7
0,9997,2021,8
0,9997,2021,9
0,9997,2021,10
NA,9997,2022,4
0,9997,2022,5
0,9997,2022,6
0,9997,2022,7
0,9997,2022,8
0,9997,2022,9
0,9997,2022,10
0,10025,2010,4
0,10025,2010,5
7,10025,2010,6
16,10025,2010,7
3,10025,2010,8
0,10025,2010,9
0,10025,2010,10
0,10025,2011,4
0,10025,2011,5
0,10025,2011,6
0,10025,2011,7
0,10025,2011,8
0,10025,2011,9
0,10025,2011,10
0,10025,2012,4
0,10025,2012,5
0,10025,2012,6
4,10025,2012,7
9,10025,2012,8
1,10025,2012,9
0,10025,2012,10
0,10025,2013,4
0,10025,2013,5
0,10025,2013,6
11,10025,2013,7
5,10025,2013,8
1,10025,2013,9
NA,10025,2013,10
0,10025,2014,4
0,10025,2014,5
7,10025,2014,6
NA,10025,2014,7
0,10025,2014,8
0,10025,2014,9
0,10025,2014,10
0,10025,2015,4
1,10025,2015,5
7,10025,2015,6
18,10025,2015,7
11,10025,2015,8
0,10025,2015,9
0,10025,2015,10
0,10025,2016,4
0,10025,2016,5
3,10025,2016,6
8,10025,2016,7
4,10025,2016,8
5,10025,2016,9
0,10025,2016,10
0,10025,2017,4
3,10025,2017,5
11,10025,2017,6
8,10025,2017,7
11,10025,2017,8
0,10025,2017,9
0,10025,2017,10
0,10025,2018,4
0,10025,2018,5
3,10025,2018,6
8,10025,2018,7
5,10025,2018,8
2,10025,2018,9
0,10025,2018,10
0,10025,2019,4
0,10025,2019,5
7,10025,2019,6
10,10025,2019,7
0,10025,2019,8
0,10025,2019,9
0,10025,2019,10
0,10025,2020,4
0,10025,2020,5
2,10025,2020,6
10,10025,2020,7
2,10025,2020,8
2,10025,2020,9
0,10025,2020,10
0,10025,2021,4
0,10025,2021,5
2,10025,2021,6
0,10025,2021,7
2,10025,2021,8
NA,10025,2021,9
0,10025,2021,10
0,10025,2022,4
0,10025,2022,5
5,10025,2022,6
7,10025,2022,7
3,10025,2022,8
0,10025,2022,9
0,10025,2022,10
0,10041,2010,4
0,10041,2010,5
7,10041,2010,6
13,10041,2010,7
1,10041,2010,8
0,10041,2010,9
0,10041,2010,10
0,10041,2011,4
2,10041,2011,5
2,10041,2011,6
0,10041,2011,7
1,10041,2011,8
0,10041,2011,9
0,10041,2011,10
0,10041,2012,4
1,10041,2012,5
2,10041,2012,6
0,10041,2012,7
3,10041,2012,8
0,10041,2012,9
0,10041,2012,10
0,10041,2013,4
0,10041,2013,5
2,10041,2013,6
7,10041,2013,7
4,10041,2013,8
1,10041,2013,9
0,10041,2013,10
0,10041,2014,4
0,10041,2014,5
5,10041,2014,6
2,10041,2014,7
0,10041,2014,8
0,10041,2014,9
0,10041,2014,10
0,10041,2015,4
2,10041,2015,5
7,10041,2015,6
20,10041,2015,7
6,10041,2015,8
0,10041,2015,9
0,10041,2015,10
0,10041,2016,4
NA,10041,2016,5
5,10041,2016,6
8,10041,2016,7
3,10041,2016,8
3,10041,2016,9
0,10041,2016,10
0,10041,2017,4
1,10041,2017,5
7,10041,2017,6
8,10041,2017,7
9,10041,2017,8
0,10041,2017,9
0,10041,2017,10
0,10041,2018,4
0,10041,2018,5
2,10041,2018,6
5,10041,2018,7
6,10041,2018,8
2,10041,2018,9
0,10041,2018,10
0,10041,2019,4
0,10041,2019,5
9,10041,2019,6
8,10041,2019,7
0,10041,2019,8
2,10041,2019,9
0,10041,2019,10
0,10041,2020,4
0,10041,2020,5
0,10041,2020,6
3,10041,2020,7
1,10041,2020,8
0,10041,2020,9
0,10041,2020,10
0,10041,2021,4
0,10041,2021,5
0,10041,2021,6
0,10041,2021,7
1,10041,2021,8
0,10041,2021,9
0,10041,2021,10
0,10041,2022,4
0,10041,2022,5
6,10041,2022,6
11,10041,2022,7
4,10041,2022,8
0,10041,2022,9
0,10041,2022,10
0,10081,2010,4
0,10081,2010,5
0,10081,2010,6
12,10081,2010,7
NA,10081,2010,8
0,10081,2010,9
0,10081,2010,10
0,10081,2011,4
2,10081,2011,5
1,10081,2011,6
0,10081,2011,7
3,10081,2011,8
0,10081,2011,9
0,10081,2011,10
1,10081,2012,4
2,10081,2012,5
6,10081,2012,6
3,10081,2012,7
7,10081,2012,8
0,10081,2012,9
0,10081,2012,10
0,10081,2013,4
0,10081,2013,5
NA,10081,2013,6
12,10081,2013,7
6,10081,2013,8
0,10081,2013,9
0,10081,2013,10
0,10081,2014,4
0,10081,2014,5
NA,10081,2014,6
0,10081,2014,7
NA,10081,2014,8
0,10081,2014,9
0,10081,2014,10
0,10081,2015,4
0,10081,2015,5
5,10081,2015,6
NA,10081,2015,7
1,10081,2015,8
0,10081,2015,9
0,10081,2015,10
0,10081,2016,4
0,10081,2016,5
0,10081,2016,6
3,10081,2016,7
0,10081,2016,8
0,10081,2016,9
0,10081,2016,10
0,10081,2017,4
0,10081,2017,5
9,10081,2017,6
4,10081,2017,7
3,10081,2017,8
0,10081,2017,9
0,10081,2017,10
0,10081,2018,4
0,10081,2018,5
0,10081,2018,6
3,10081,2018,7
1,10081,2018,8
0,10081,2018,9
0,10081,2018,10
0,10081,2019,4
0,10081,2019,5
NA,10081,2019,6
8,10081,2019,7
0,10081,2019,8
0,10081,2019,9
0,10081,2019,10
0,10081,2020,4
0,10081,2020,5
0,10081,2020,6
1,10081,2020,7
0,10081,2020,8
0,10081,2020,9
0,10081,2020,10
0,10081,2021,4
0,10081,2021,5
NA,10081,2021,6
0,10081,2021,7
0,10081,2021,8
0,10081,2021,9
0,10081,2021,10
0,10081,2022,4
0,10081,2022,5
2,10081,2022,6
3,10081,2022,7
2,10081,2022,8
0,10081,2022,9
0,10081,2022,10
0,10171,2010,4
0,10171,2010,5
2,10171,2010,6
NA,10171,2010,7
NA,10171,2010,8
0,10171,2010,9
0,10171,2010,10
0,10171,2011,4
1,10171,2011,5
NA,10171,2011,6
NA,10171,2011,7
0,10171,2011,8
0,10171,2011,9
0,10171,2011,10
0,10171,2012,4
1,10171,2012,5
1,10171,2012,6
1,10171,2012,7
NA,10171,2012,8
0,10171,2012,9
0,10171,2012,10
0,10171,2013,4
0,10171,2013,5
0,10171,2013,6
NA,10171,2013,7
6,10171,2013,8
0,10171,2013,9
0,10171,2013,10
0,10171,2014,4
0,10171,2014,5
3,10171,2014,6
0,10171,2014,7
0,10171,2014,8
0,10171,2014,9
0,10171,2014,10
0,10171,2015,4
0,10171,2015,5
2,10171,2015,6
17,10171,2015,7
4,10171,2015,8
0,10171,2015,9
0,10171,2015,10
0,10171,2016,4
0,10171,2016,5
0,10171,2016,6
2,10171,2016,7
0,10171,2016,8
0,10171,2016,9
0,10171,2016,10
0,10171,2017,4
0,10171,2017,5
5,10171,2017,6
2,10171,2017,7
2,10171,2017,8
0,10171,2017,9
0,10171,2017,10
0,10171,2018,4
0,10171,2018,5
0,10171,2018,6
1,10171,2018,7
2,10171,2018,8
0,10171,2018,9
0,10171,2018,10
0,10171,2019,4
0,10171,2019,5
2,10171,2019,6
2,10171,2019,7
0,10171,2019,8
0,10171,2019,9
0,10171,2019,10
0,10171,2020,4
NA,10171,2020,5
0,10171,2020,6
1,10171,2020,7
1,10171,2020,8
0,10171,2020,9
0,10171,2020,10
0,10171,2021,4
0,10171,2021,5
0,10171,2021,6
0,10171,2021,7
0,10171,2021,8
0,10171,2021,9
0,10171,2021,10
0,10171,2022,4
0,10171,2022,5
1,10171,2022,6
3,10171,2022,7
1,10171,2022,8
0,10171,2022,9
0,10171,2022,10
0,10270,2010,4
1,10270,2010,5
1,10270,2010,6
10,10270,2010,7
0,10270,2010,8
0,10270,2010,9
0,10270,2010,10
0,10270,2011,4
3,10270,2011,5
1,10270,2011,6
0,10270,2011,7
1,10270,2011,8
0,10270,2011,9
0,10270,2011,10
0,10270,2012,4
2,10270,2012,5
2,10270,2012,6
2,10270,2012,7
2,10270,2012,8
0,10270,2012,9
0,10270,2012,10
NA,10270,2013,4
NA,10270,2013,5
NA,10270,2013,6
7,10270,2013,7
6,10270,2013,8
0,10270,2013,9
NA,10270,2013,10
0,10270,2014,4
0,10270,2014,5
NA,10270,2014,6
0,10270,2014,7
0,10270,2014,8
0,10270,2014,9
0,10270,2014,10
0,10270,2015,4
0,10270,2015,5
3,10270,2015,6
NA,10270,2015,7
9,10270,2015,8
0,10270,2015,9
0,10270,2015,10
NA,10270,2016,4
0,10270,2016,5
1,10270,2016,6
2,10270,2016,7
NA,10270,2016,8
NA,10270,2016,9
0,10270,2016,10
0,10270,2017,4
1,10270,2017,5
6,10270,2017,6
NA,10270,2017,7
NA,10270,2017,8
0,10270,2017,9
0,10270,2017,10
0,10270,2018,4
NA,10270,2018,5
1,10270,2018,6
NA,10270,2018,7
NA,10270,2018,8
0,10270,2018,9
0,10270,2018,10
0,10270,2019,4
0,10270,2019,5
3,10270,2019,6
4,10270,2019,7
NA,10270,2019,8
0,10270,2019,9
0,10270,2019,10
0,10270,2020,4
0,10270,2020,5
0,10270,2020,6
NA,10270,2020,7
NA,10270,2020,8
0,10270,2020,9
0,10270,2020,10
0,10270,2021,4
0,10270,2021,5
1,10270,2021,6
0,10270,2021,7
0,10270,2021,8
0,10270,2021,9
0,10270,2021,10
0,10270,2022,4
4,10270,2022,5
4,10270,2022,6
11,10270,2022,7
2,10270,2022,8
NA,10270,2022,9
NA,10270,2022,10
0,10282,2010,4
0,10282,2010,5
4,10282,2010,6
10,10282,2010,7
0,10282,2010,8
0,10282,2010,9
0,10282,2010,10
0,10282,2011,4
1,10282,2011,5
1,10282,2011,6
0,10282,2011,7
1,10282,2011,8
0,10282,2011,9
0,10282,2011,10
0,10282,2012,4
0,10282,2012,5
2,10282,2012,6
2,10282,2012,7
1,10282,2012,8
NA,10282,2012,9
0,10282,2012,10
0,10282,2013,4
0,10282,2013,5
0,10282,2013,6
0,10282,2013,7
NA,10282,2013,8
0,10282,2013,9
0,10282,2013,10
0,10282,2014,4
0,10282,2014,5
4,10282,2014,6
0,10282,2014,7
0,10282,2014,8
0,10282,2014,9
0,10282,2014,10
0,10282,2015,4
0,10282,2015,5
0,10282,2015,6
0,10282,2015,7
0,10282,2015,8
0,10282,2015,9
0,10282,2015,10
0,10282,2016,4
0,10282,2016,5
2,10282,2016,6
4,10282,2016,7
0,10282,2016,8
0,10282,2016,9
0,10282,2016,10
0,10282,2017,4
NA,10282,2017,5
5,10282,2017,6
0,10282,2017,7
1,10282,2017,8
0,10282,2017,9
0,10282,2017,10
0,10282,2018,4
0,10282,2018,5
0,10282,2018,6
1,10282,2018,7
1,10282,2018,8
0,10282,2018,9
0,10282,2018,10
0,10282,2019,4
0,10282,2019,5
4,10282,2019,6
3,10282,2019,7
0,10282,2019,8
0,10282,2019,9
0,10282,2019,10
0,10282,2020,4
0,10282,2020,5
0,10282,2020,6
0,10282,2020,7
0,10282,2020,8
0,10282,2020,9
0,10282,2020,10
0,10282,2021,4
0,10282,2021,5
0,10282,2021,6
0,10282,2021,7
1,10282,2021,8
0,10282,2021,9
0,10282,2021,10
0,10282,2022,4
0,10282,2022,5
0,10282,2022,6
0,10282,2022,7
0,10282,2022,8
0,10282,2022,9
0,10282,2022,10
0,10288,2010,4
2,10288,2010,5
6,10288,2010,6
19,10288,2010,7
4,10288,2010,8
0,10288,2010,9
0,10288,2010,10
0,10288,2011,4
2,10288,2011,5
4,10288,2011,6
1,10288,2011,7
8,10288,2011,8
NA,10288,2011,9
1,10288,2011,10
0,10288,2012,4
0,10288,2012,5
4,10288,2012,6
13,10288,2012,7
10,10288,2012,8
4,10288,2012,9
0,10288,2012,10
NA,10288,2013,4
0,10288,2013,5
6,10288,2013,6
14,10288,2013,7
11,10288,2013,8
2,10288,2013,9
0,10288,2013,10
0,10288,2014,4
0,10288,2014,5
7,10288,2014,6
3,10288,2014,7
0,10288,2014,8
0,10288,2014,9
0,10288,2014,10
0,10288,2015,4
1,10288,2015,5
7,10288,2015,6
20,10288,2015,7
10,10288,2015,8
0,10288,2015,9
0,10288,2015,10
0,10288,2016,4
0,10288,2016,5
NA,10288,2016,6
9,10288,2016,7
2,10288,2016,8
3,10288,2016,9
0,10288,2016,10
0,10288,2017,4
3,10288,2017,5
10,10288,2017,6
7,10288,2017,7
8,10288,2017,8
0,10288,2017,9
0,10288,2017,10
0,10288,2018,4
NA,10288,2018,5
3,10288,2018,6
10,10288,2018,7
7,10288,2018,8
2,10288,2018,9
0,10288,2018,10
0,10288,2019,4
0,10288,2019,5
9,10288,2019,6
10,10288,2019,7
0,10288,2019,8
NA,10288,2019,9
0,10288,2019,10
0,10288,2020,4
0,10288,2020,5
0,10288,2020,6
9,10288,2020,7
3,10288,2020,8
1,10288,2020,9
0,10288,2020,10
0,10288,2021,4
0,10288,2021,5
2,10288,2021,6
5,10288,2021,7
0,10288,2021,8
0,10288,2021,9
0,10288,2021,10
0,10288,2022,4
3,10288,2022,5
2,10288,2022,6
9,10288,2022,7
5,10288,2022,8
0,10288,2022,9
0,10288,2022,10
0,10437,2010,4
0,10437,2010,5
3,10437,2010,6
8,10437,2010,7
0,10437,2010,8
0,10437,2010,9
0,10437,2010,10
0,10437,2011,4
0,10437,2011,5
1,10437,2011,6
0,10437,2011,7
0,10437,2011,8
0,10437,2011,9
0,10437,2011,10
0,10437,2012,4
0,10437,2012,5
NA,10437,2012,6
1,10437,2012,7
0,10437,2012,8
NA,10437,2012,9
0,10437,2012,10
0,10437,2013,4
0,10437,2013,5
0,10437,2013,6
0,10437,2013,7
0,10437,2013,8
0,10437,2013,9
0,10437,2013,10
0,10437,2014,4
NA,10437,2014,5
0,10437,2014,6
0,10437,2014,7
0,10437,2014,8
0,10437,2014,9
0,10437,2014,10
0,10437,2015,4
0,10437,2015,5
0,10437,2015,6
0,10437,2015,7
0,10437,2015,8
NA,10437,2015,9
0,10437,2015,10
NA,10437,2016,4
0,10437,2016,5
0,10437,2016,6
NA,10437,2016,7
0,10437,2016,8
0,10437,2016,9
0,10437,2016,10
0,10437,2017,4
1,10437,2017,5
6,10437,2017,6
1,10437,2017,7
0,10437,2017,8
0,10437,2017,9
0,10437,2017,10
0,10437,2018,4
0,10437,2018,5
0,10437,2018,6
0,10437,2018,7
0,10437,2018,8
0,10437,2018,9
0,10437,2018,10
0,10437,2019,4
0,10437,2019,5
1,10437,2019,6
0,10437,2019,7
0,10437,2019,8
0,10437,2019,9
0,10437,2019,10
0,10437,2020,4
0,10437,2020,5
0,10437,2020,6
1,10437,2020,7
0,10437,2020,8
0,10437,2020,9
0,10437,2020,10
0,10437,2021,4
0,10437,2021,5
0,10437,2021,6
0,10437,2021,7
0,10437,2021,8
0,10437,2021,9
0,10437,2021,10
0,10437,2022,4
0,10437,2022,5
0,10437,2022,6
3,10437,2022,7
0,10437,2022,8
0,10437,2022,9
0,10437,2022,10
0,10454,2010,4
0,10454,2010,5
3,10454,2010,6
12,10454,2010,7
0,10454,2010,8
0,10454,2010,9
0,10454,2010,10
0,10454,2011,4
0,10454,2011,5
NA,10454,2011,6
NA,10454,2011,7
0,10454,2011,8
0,10454,2011,9
0,10454,2011,10
NA,10454,2012,4
NA,10454,2012,5
3,10454,2012,6
0,10454,2012,7
0,10454,2012,8
0,10454,2012,9
0,10454,2012,10
0,10454,2013,4
NA,10454,2013,5
0,10454,2013,6
NA,10454,2013,7
2,10454,2013,8
0,10454,2013,9
0,10454,2013,10
0,10454,2014,4
0,10454,2014,5
6,10454,2014,6
1,10454,2014,7
0,10454,2014,8
0,10454,2014,9
0,10454,2014,10
0,10454,2015,4
0,10454,2015,5
5,10454,2015,6
9,10454,2015,7
3,10454,2015,8
0,10454,2015,9
0,10454,2015,10
NA,10454,2016,4
NA,10454,2016,5
1,10454,2016,6
4,10454,2016,7
0,10454,2016,8
0,10454,2016,9
0,10454,2016,10
0,10454,2017,4
0,10454,2017,5
5,10454,2017,6
1,10454,2017,7
2,10454,2017,8
0,10454,2017,9
NA,10454,2017,10
0,10454,2018,4
0,10454,2018,5
0,10454,2018,6
0,10454,2018,7
1,10454,2018,8
0,10454,2018,9
0,10454,2018,10
0,10454,2019,4
0,10454,2019,5
4,10454,2019,6
4,10454,2019,7
0,10454,2019,8
0,10454,2019,9
0,10454,2019,10
0,10454,2020,4
0,10454,2020,5
0,10454,2020,6
3,10454,2020,7
1,10454,2020,8
0,10454,2020,9
0,10454,2020,10
0,10454,2021,4
0,10454,2021,5
0,10454,2021,6
0,10454,2021,7
0,10454,2021,8
0,10454,2021,9
0,10454,2021,10
0,10454,2022,4
0,10454,2022,5
NA,10454,2022,6
11,10454,2022,7
0,10454,2022,8
0,10454,2022,9
0,10454,2022,10
NA,10463,2010,4
0,10463,2010,5
3,10463,2010,6
7,10463,2010,7
NA,10463,2010,8
NA,10463,2010,9
0,10463,2010,10
0,10463,2011,4
2,10463,2011,5
1,10463,2011,6
0,10463,2011,7
0,10463,2011,8
NA,10463,2011,9
0,10463,2011,10
0,10463,2012,4
0,10463,2012,5
0,10463,2012,6
3,10463,2012,7
2,10463,2012,8
0,10463,2012,9
0,10463,2012,10
0,10463,2013,4
0,10463,2013,5
0,10463,2013,6
5,10463,2013,7
2,10463,2013,8
0,10463,2013,9
0,10463,2013,10
0,10463,2014,4
0,10463,2014,5
4,10463,2014,6
0,10463,2014,7
0,10463,2014,8
0,10463,2014,9
0,10463,2014,10
0,10463,2015,4
0,10463,2015,5
5,10463,2015,6
9,10463,2015,7
2,10463,2015,8
0,10463,2015,9
0,10463,2015,10
0,10463,2016,4
0,10463,2016,5
1,10463,2016,6
2,10463,2016,7
0,10463,2016,8
0,10463,2016,9
0,10463,2016,10
0,10463,2017,4
3,10463,2017,5
7,10463,2017,6
4,10463,2017,7
1,10463,2017,8
0,10463,2017,9
0,10463,2017,10
0,10463,2018,4
0,10463,2018,5
1,10463,2018,6
3,10463,2018,7
1,10463,2018,8
0,10463,2018,9
0,10463,2018,10
0,10463,2019,4
0,10463,2019,5
6,10463,2019,6
8,10463,2019,7
0,10463,2019,8
0,10463,2019,9
0,10463,2019,10
0,10463,2020,4
0,10463,2020,5
0,10463,2020,6
2,10463,2020,7
1,10463,2020,8
0,10463,2020,9
0,10463,2020,10
0,10463,2021,4
0,10463,2021,5
0,10463,2021,6
0,10463,2021,7
1,10463,2021,8
0,10463,2021,9
0,10463,2021,10
0,10463,2022,4
0,10463,2022,5
2,10463,2022,6
0,10463,2022,7
0,10463,2022,8
0,10463,2022,9
0,10463,2022,10
NA,10584,2010,4
NA,10584,2010,5
NA,10584,2010,6
NA,10584,2010,7
NA,10584,2010,8
0,10584,2010,9
0,10584,2010,10
1,10584,2011,4
3,10584,2011,5
5,10584,2011,6
2,10584,2011,7
6,10584,2011,8
0,10584,2011,9
0,10584,2011,10
0,10584,2012,4
1,10584,2012,5
NA,10584,2012,6
11,10584,2012,7
12,10584,2012,8
1,10584,2012,9
0,10584,2012,10
0,10584,2013,4
0,10584,2013,5
0,10584,2013,6
7,10584,2013,7
6,10584,2013,8
2,10584,2013,9
0,10584,2013,10
0,10584,2014,4
0,10584,2014,5
4,10584,2014,6
2,10584,2014,7
0,10584,2014,8
0,10584,2014,9
0,10584,2014,10
NA,10584,2015,4
0,10584,2015,5
6,10584,2015,6
16,10584,2015,7
3,10584,2015,8
0,10584,2015,9
0,10584,2015,10
NA,10584,2016,4
0,10584,2016,5
3,10584,2016,6
NA,10584,2016,7
1,10584,2016,8
1,10584,2016,9
NA,10584,2016,10
0,10584,2017,4
3,10584,2017,5
9,10584,2017,6
NA,10584,2017,7
4,10584,2017,8
0,10584,2017,9
0,10584,2017,10
0,10584,2018,4
0,10584,2018,5
3,10584,2018,6
10,10584,2018,7
1,10584,2018,8
0,10584,2018,9
0,10584,2018,10
0,10584,2019,4
0,10584,2019,5
4,10584,2019,6
9,10584,2019,7
0,10584,2019,8
NA,10584,2019,9
0,10584,2019,10
0,10584,2020,4
NA,10584,2020,5
0,10584,2020,6
8,10584,2020,7
1,10584,2020,8
0,10584,2020,9
0,10584,2020,10
0,10584,2021,4
0,10584,2021,5
1,10584,2021,6
3,10584,2021,7
0,10584,2021,8
0,10584,2021,9
0,10584,2021,10
1,10584,2022,4
3,10584,2022,5
2,10584,2022,6
14,10584,2022,7
5,10584,2022,8
0,10584,2022,9
0,10584,2022,10
NA,12020,2010,4
NA,12020,2010,5
NA,12020,2010,6
NA,12020,2010,7
NA,12020,2010,8
NA,12020,2010,9
NA,12020,2010,10
NA,12020,2011,4
1,12020,2011,5
NA,12020,2011,6
0,12020,2011,7
0,12020,2011,8
0,12020,2011,9
0,12020,2011,10
0,12020,2012,4
0,12020,2012,5
0,12020,2012,6
2,12020,2012,7
2,12020,2012,8
0,12020,2012,9
0,12020,2012,10
0,12020,2013,4
NA,12020,2013,5
0,12020,2013,6
14,12020,2013,7
4,12020,2013,8
0,12020,2013,9
0,12020,2013,10
0,12020,2014,4
0,12020,2014,5
5,12020,2014,6
2,12020,2014,7
0,12020,2014,8
0,12020,2014,9
0,12020,2014,10
0,12020,2015,4
0,12020,2015,5
2,12020,2015,6
14,12020,2015,7
3,12020,2015,8
0,12020,2015,9
0,12020,2015,10
0,12020,2016,4
0,12020,2016,5
1,12020,2016,6
3,12020,2016,7
0,12020,2016,8
0,12020,2016,9
0,12020,2016,10
0,12020,2017,4
0,12020,2017,5
8,12020,2017,6
2,12020,2017,7
NA,12020,2017,8
0,12020,2017,9
0,12020,2017,10
0,12020,2018,4
0,12020,2018,5
0,12020,2018,6
4,12020,2018,7
1,12020,2018,8
0,12020,2018,9
0,12020,2018,10
0,12020,2019,4
0,12020,2019,5
4,12020,2019,6
6,12020,2019,7
0,12020,2019,8
0,12020,2019,9
0,12020,2019,10
0,12020,2020,4
NA,12020,2020,5
0,12020,2020,6
0,12020,2020,7
0,12020,2020,8
0,12020,2020,9
0,12020,2020,10
0,12020,2021,4
0,12020,2021,5
1,12020,2021,6
0,12020,2021,7
0,12020,2021,8
0,12020,2021,9
0,12020,2021,10
0,12020,2022,4
0,12020,2022,5
3,12020,2022,6
0,12020,2022,7
0,12020,2022,8
0,12020,2022,9
0,12020,2022,10
